time_s,dc_power_requested_w,dc_power_served_w,unserved_power_w,phase_current_rms_a,phase_current_peak_a,device_current_rms_a,device_current_peak_a,rds_on_device_ohm,aggregate_conduction_loss_w,aggregate_switching_loss_w,aggregate_total_loss_w,device_loss_w,fluid_temperature_c,junction_temperature_c,thermal_iterations,converged
0.000000,0.000000,0.000000,0.000000,0.000000,0.000000,0.000000,0.000000,0.003054952,0.000000,0.000000,0.000000,0.000000,60.000000,60.000000,1,True
1.000000,0.000000,0.000000,0.000000,0.000000,0.000000,0.000000,0.000000,0.003054952,0.000000,0.000000,0.000000,0.000000,60.000000,60.000000,1,True
2.000000,0.000000,0.000000,0.000000,0.000000,0.000000,0.000000,0.000000,0.003054952,0.000000,0.000000,0.000000,0.000000,60.000000,60.000000,1,True
3.000000,0.000000,0.000000,0.000000,0.000000,0.000000,0.000000,0.000000,0.003054952,0.000000,0.000000,0.000000,0.000000,60.000000,60.000000,1,True
4.000000,0.000000,0.000000,0.000000,0.000000,0.000000,0.000000,0.000000,0.003054952,0.000000,0.000000,0.000000,0.000000,60.000000,60.000000,1,True
5.000000,0.000000,0.000000,0.000000,0.000000,0.000000,0.000000,0.000000,0.003054952,0.000000,0.000000,0.000000,0.000000,60.000000,60.000000,1,True
6.000000,0.000000,0.000000,0.000000,0.000000,0.000000,0.000000,0.000000,0.003054952,0.000000,0.000000,0.000000,0.000000,60.000000,60.000000,1,True
7.000000,0.000000,0.000000,0.000000,0.000000,0.000000,0.000000,0.000000,0.003054952,0.000000,0.000000,0.000000,0.000000,60.000000,60.000000,1,True
8.000000,0.000000,0.000000,0.000000,0.000000,0.000000,0.000000,0.000000,0.003054952,0.000000,0.000000,0.000000,0.000000,60.000000,60.000000,1,True
9.000000,0.000000,0.000000,0.000000,0.000000,0.000000,0.000000,0.000000,0.003054952,0.000000,0.000000,0.000000,0.000000,60.000000,60.000000,1,True
10.000000,0.000000,0.000000,0.000000,0.000000,0.000000,0.000000,0.000000,0.003054952,0.000000,0.000000,0.000000,0.000000,60.000000,60.000000,1,True
11.000000,0.000000,0.000000,0.000000,0.000000,0.000000,0.000000,0.000000,0.003054952,0.000000,0.000000,0.000000,0.000000,60.000000,60.000000,1,True
12.000000,37.584727,37.584727,0.000000,0.098690,0.139569,0.098690,0.139569,0.003054952,0.000089,0.222531,0.222620,0.037103,60.000000,60.005194,1,True
13.000000,784.222483,784.222483,0.000000,2.059222,2.912179,2.059222,2.912179,0.003056323,0.038880,4.643086,4.681966,0.780328,60.000000,60.109406,5,True
14.000000,3757.393982,3757.393982,0.000000,9.866214,13.952934,9.866214,13.952934,0.003062102,0.894215,22.243750,23.137965,3.856328,60.000000,60.543275,7,True
15.000000,6507.019616,6507.019616,0.000000,17.086217,24.163560,17.086217,24.163560,0.003067906,2.686922,38.517406,41.204328,6.867388,60.000000,60.978539,7,True
16.000000,7901.269994,7901.269994,0.000000,20.747258,29.341054,20.747258,29.341054,0.003071062,3.965805,46.767764,50.733569,8.455595,60.000000,61.215759,6,True
17.000000,12319.511108,12319.511108,0.000000,32.348734,45.748018,32.348734,45.748018,0.003081121,9.672631,72.905937,82.578568,13.763095,60.000000,61.967700,8,True
18.000000,16695.912607,16695.912607,0.000000,43.840346,61.999612,43.840346,61.999612,0.003092050,17.828538,98.785326,116.613864,19.435644,60.000000,62.785977,8,True
19.000000,13342.752128,13342.752128,0.000000,35.035573,49.547783,35.035573,49.547783,0.003084428,11.358326,78.956605,90.314931,15.052489,60.000000,62.200116,7,True
20.000000,6181.925102,6181.925102,0.000000,16.232580,22.956335,16.232580,22.956335,0.003068250,2.425421,36.592822,39.018243,6.503040,60.000000,60.988086,8,True
21.000000,3470.662005,3470.662005,0.000000,9.113310,12.888166,9.113310,12.888166,0.003062188,0.762966,20.546266,21.309232,3.551539,60.000000,60.535916,7,True
22.000000,3276.708696,3276.708696,0.000000,8.604025,12.167928,8.604025,12.167928,0.003061548,0.679932,19.398294,20.078226,3.346371,60.000000,60.489119,4,True
23.000000,3565.663353,3565.663353,0.000000,9.362766,13.240950,9.362766,13.240950,0.003061865,0.805222,21.108798,21.914020,3.652337,60.000000,60.528593,3,True
24.000000,6333.946922,6333.946922,0.000000,16.631761,23.520862,16.631761,23.520862,0.003067559,2.545603,37.493165,40.038768,6.673128,60.000000,60.952363,7,True
25.000000,8651.802681,8651.802681,0.000000,22.718017,32.128127,22.718017,32.128127,0.003072701,4.757539,51.208638,55.966178,9.327696,60.000000,61.337155,7,True
26.000000,10222.934072,10222.934072,0.000000,26.843514,37.962462,26.843514,37.962462,0.003076328,6.650169,60.503880,67.154049,11.192342,60.000000,61.611462,6,True
27.000000,14693.505480,14693.505480,0.000000,38.582399,54.563752,38.582399,54.563752,0.003086957,13.785747,86.945738,100.731485,16.788581,60.000000,62.404797,8,True
28.000000,16676.500286,16676.500286,0.000000,43.789373,61.927525,43.789373,61.927525,0.003092205,17.787992,98.670189,116.458181,19.409697,60.000000,62.797252,7,True
29.000000,16954.563081,16954.563081,0.000000,44.519514,62.960100,44.519514,62.960100,0.003093073,18.391295,100.313809,118.705104,19.784184,60.000000,62.864484,4,True
30.000000,13769.556157,13769.556157,0.000000,36.156281,51.132703,36.156281,51.132703,0.003085520,12.100886,81.480611,93.581497,15.596916,60.000000,62.281911,7,True
31.000000,9554.308963,9554.308963,0.000000,25.087830,35.479549,25.087830,35.479549,0.003075510,5.807170,56.547510,62.354680,10.392447,60.000000,61.535716,8,True
32.000000,7727.160253,7727.160253,-0.000000,20.290079,28.694504,20.290079,28.694504,0.003071174,3.793089,45.737112,49.530201,8.255034,60.000000,61.211614,7,True
33.000000,6822.716914,6822.716914,0.000000,17.915179,25.335890,17.915179,25.335890,0.003069141,2.955157,40.385215,43.340371,7.223395,60.000000,61.054555,5,True
34.000000,5181.125153,5181.125153,0.000000,13.604666,19.239904,13.604666,19.239904,0.003065624,1.702221,30.670243,32.372464,5.395411,60.000000,60.792456,6,True
35.000000,2415.253836,2415.253836,0.000000,6.342005,8.968950,6.342005,8.968950,0.003059978,0.369226,14.298847,14.668074,2.444679,60.000000,60.370619,7,True
36.000000,-1930.816824,-1930.816824,0.000000,5.069964,7.170012,5.069964,7.170012,0.003058841,0.235878,11.431110,11.666988,1.944498,60.000000,60.286664,5,True
37.000000,-7028.689084,-7028.689084,0.000000,18.456024,26.100759,18.456024,26.100759,0.003068927,3.136058,41.604575,44.740633,7.456772,60.000000,61.054316,8,True
38.000000,-9298.673508,-9298.673508,0.000000,24.416579,34.530257,24.416579,34.530257,0.003074153,5.498147,55.035895,60.534042,10.089007,60.000000,61.446057,7,True
39.000000,-7948.380526,-7948.380526,-0.000000,20.870962,29.515997,20.870962,29.515997,0.003071565,4.013894,47.046178,51.060071,8.510012,60.000000,61.239538,6,True
40.000000,-6460.924593,-6460.924593,0.000000,16.965180,23.992388,16.965180,23.992388,0.003068350,2.649373,38.244240,40.893613,6.815602,60.000000,60.997500,6,True
41.000000,-7453.383881,-7453.383881,0.000000,19.571193,27.677847,19.571193,27.677847,0.003070120,3.527859,44.117482,47.645341,7.940890,60.000000,61.147068,5,True
42.000000,-8952.038332,-8952.038332,0.000000,23.506379,33.243041,23.506379,33.243041,0.003073441,5.094688,52.984965,58.079653,9.679942,60.000000,61.394299,6,True
43.000000,-7289.226826,-7289.226826,0.000000,19.140147,27.068256,19.140147,27.068256,0.003070161,3.374216,43.145784,46.520001,7.753333,60.000000,61.132593,6,True
44.000000,-3682.971732,-3682.971732,0.000000,9.670795,13.676570,9.670795,13.676570,0.003062648,0.859296,21.802952,22.662248,3.777041,60.000000,60.568698,7,True
45.000000,-1058.488023,-1058.488023,0.000000,2.779392,3.930653,2.779392,3.930653,0.003057295,0.070853,6.266797,6.337650,1.056275,60.000000,60.169644,7,True
46.000000,-642.359932,-642.359932,0.000000,1.686717,2.385378,1.686717,2.385378,0.003056364,0.026086,3.803169,3.829255,0.638209,60.000000,60.096889,4,True
47.000000,-1180.352606,-1180.352606,0.000000,3.099385,4.383193,3.099385,4.383193,0.003057082,0.088101,6.988326,7.076427,1.179404,60.000000,60.168903,4,True
48.000000,-851.613038,-851.613038,0.000000,2.236177,3.162431,2.236177,3.162431,0.003056682,0.045855,5.042047,5.087902,0.847984,60.000000,60.124326,4,True
49.000000,189.479963,189.479963,0.000000,0.497539,0.703626,0.497539,0.703626,0.003055438,0.002269,1.121858,1.124127,0.187354,60.000000,60.030657,5,True
50.000000,467.528662,467.528662,0.000000,1.227643,1.736149,1.227643,1.736149,0.003055717,0.013816,2.768092,2.781908,0.463651,60.000000,60.066326,3,True
51.000000,-1143.171838,-1143.171838,0.000000,3.001756,4.245123,3.001756,4.245123,0.003057031,0.082636,6.768202,6.850839,1.141806,60.000000,60.162047,5,True
52.000000,-2697.939251,-2697.939251,0.000000,7.084284,10.018691,7.084284,10.018691,0.003060037,0.460723,15.972391,16.433114,2.738852,60.000000,60.388667,6,True
53.000000,-1814.298976,-1814.298976,0.000000,4.764010,6.737328,4.764010,6.737328,0.003058624,0.208254,10.741327,10.949580,1.824930,60.000000,60.268024,5,True
54.000000,-221.277084,-221.277084,0.000000,0.581032,0.821704,0.581032,0.821704,0.003055583,0.003095,1.310116,1.313211,0.218868,60.000000,60.040233,6,True
55.000000,580.913051,580.913051,0.000000,1.525369,2.157198,1.525369,2.157198,0.003055987,0.021332,3.439389,3.460720,0.576787,60.000000,60.083009,4,True
56.000000,674.637332,674.637332,0.000000,1.771472,2.505239,1.771472,2.505239,0.003056149,0.028772,3.994287,4.023058,0.670510,60.000000,60.096670,2,True
57.000000,955.810174,955.810174,0.000000,2.509779,3.549363,2.509779,3.549363,0.003056639,0.057761,5.658959,5.716721,0.952787,60.000000,60.136667,3,True
58.000000,1268.575423,1268.575423,0.000000,3.331042,4.710805,3.331042,4.710805,0.003057303,0.101770,7.510622,7.612392,1.268732,60.000000,60.182183,4,True
59.000000,3071.606189,3071.606189,0.000000,8.065464,11.406288,8.065464,11.406288,0.003060764,0.597324,18.184338,18.781662,3.130277,60.000000,60.444338,6,True
60.000000,3934.254054,3934.254054,0.000000,10.330616,14.609697,10.330616,14.609697,0.003062577,0.980530,23.290557,24.271087,4.045181,60.000000,60.580668,5,True
61.000000,2304.410169,2304.410169,0.000000,6.050950,8.557336,6.050950,8.557336,0.003059655,0.336079,13.642709,13.978788,2.329798,60.000000,60.345592,6,True
62.000000,2024.442048,2024.442048,0.000000,5.315806,7.517686,5.315806,7.517686,0.003059007,0.259322,11.985368,12.244690,2.040782,60.000000,60.298423,4,True
63.000000,2443.384325,2443.384325,0.000000,6.415871,9.073411,6.415871,9.073411,0.003059610,0.377832,14.465484,14.843316,2.473886,60.000000,60.356892,4,True
64.000000,3117.173272,3117.173272,0.000000,8.185114,11.575500,8.185114,11.575500,0.003060959,0.615217,18.454035,19.069252,3.178209,60.000000,60.457069,5,True
65.000000,2413.869541,2413.869541,0.000000,6.338370,8.963809,6.338370,8.963809,0.003059798,0.368782,14.290699,14.659481,2.443247,60.000000,60.357429,5,True
66.000000,1890.534796,1890.534796,0.000000,4.964191,7.020426,4.964191,7.020426,0.003058801,0.226136,11.192635,11.418771,1.903128,60.000000,60.279087,4,True
67.000000,4222.739236,4222.739236,0.000000,11.088124,15.680975,11.088124,15.680975,0.003063139,1.129806,24.998115,26.127921,4.354654,60.000000,60.619596,7,True
68.000000,8792.206455,8792.206455,0.000000,23.086691,32.649511,23.086691,32.649511,0.003072864,4.913466,52.039510,56.952976,9.492163,60.000000,61.349056,8,True
69.000000,12606.837563,12606.837563,0.000000,33.103199,46.814993,33.103199,46.814993,0.003081841,10.131444,74.605328,84.736772,14.122795,60.000000,62.020911,8,True
70.000000,15260.320114,15260.320114,0.000000,40.070748,56.668596,40.070748,56.668596,0.003088489,14.877233,90.297206,105.174439,17.529073,60.000000,62.521000,7,True
71.000000,16038.154624,16038.154624,0.000000,42.113196,59.557053,42.113196,59.557053,0.003090688,16.444203,94.895917,111.340121,18.556687,60.000000,62.682743,6,True
72.000000,13768.253504,13768.253504,0.000000,36.152860,51.127865,36.152860,51.127865,0.003085391,12.098091,81.473095,93.571187,15.595198,60.000000,62.275018,7,True
73.000000,9991.866115,9991.866115,0.000000,26.236773,37.104400,26.236773,37.104400,0.003076466,6.353224,59.136168,65.489392,10.914899,60.000000,61.607941,8,True
74.000000,7836.294404,7836.294404,0.000000,20.576644,29.099770,20.576644,29.099770,0.003071448,3.901337,46.382844,50.284181,8.380697,60.000000,61.231336,7,True
75.000000,7768.207283,7768.207283,-0.000000,20.397860,28.846931,20.397860,28.846931,0.003071120,3.833428,45.980115,49.813542,8.302257,60.000000,61.206430,3,True
76.000000,8586.391485,8586.391485,0.000000,22.546259,31.885226,22.546259,31.885226,0.003072671,4.685827,50.821508,55.507336,9.251223,60.000000,61.337039,5,True
77.000000,8261.475392,8261.475392,0.000000,21.693090,30.678662,21.693090,30.678662,0.003072205,4.337249,48.898799,53.236048,8.872675,60.000000,61.287829,4,True
78.000000,5688.837196,5688.837196,0.000000,14.937823,21.125272,14.937823,21.125272,0.003066743,2.052926,33.675008,35.727934,5.954656,60.000000,60.878192,7,True
79.000000,1711.806369,1711.806369,0.000000,4.494884,6.356725,4.494884,6.356725,0.003058710,0.185394,10.134516,10.319911,1.719985,60.000000,60.272594,7,True
80.000000,-279.454377,-279.454377,0.000000,0.733795,1.037743,0.733795,1.037743,0.003055717,0.004936,1.654563,1.659499,0.276583,60.000000,60.050500,6,True
81.000000,-1579.815866,-1579.815866,0.000000,4.148301,5.866584,4.148301,5.866584,0.003057874,0.157863,9.353228,9.511092,1.585182,60.000000,60.224733,6,True
82.000000,-1187.098641,-1187.098641,0.000000,3.117099,4.408244,3.117099,4.408244,0.003057346,0.089118,7.028232,7.117350,1.186225,60.000000,60.173296,4,True
83.000000,683.811036,683.811036,0.000000,1.795560,2.539305,1.795560,2.539305,0.003056421,0.029562,4.048581,4.078143,0.679690,60.000000,60.101265,4,True
84.000000,-468.937084,-468.937084,0.000000,1.231341,1.741379,1.231341,1.741379,0.003055977,0.013900,2.776418,2.790318,0.465053,60.000000,60.068877,3,True
85.000000,-986.642292,-986.642292,0.000000,2.590738,3.663857,2.590738,3.663857,0.003056702,0.061549,5.841497,5.903046,0.983841,60.000000,60.140261,4,True
86.000000,-807.175666,-807.175666,-0.000000,2.119492,2.997415,2.119492,2.997415,0.003056589,0.041193,4.778960,4.820153,0.803359,60.000000,60.117061,3,True
87.000000,-465.881588,-465.881588,0.000000,1.223318,1.730033,1.223318,1.730033,0.003055949,0.013720,2.758329,2.772048,0.462008,60.000000,60.068777,4,True
88.000000,-3098.475889,-3098.475889,-0.000000,8.136019,11.506068,8.136019,11.506068,0.003060800,0.607827,18.343398,18.951226,3.158538,60.000000,60.444750,7,True
89.000000,-9360.782905,-9360.782905,0.000000,24.579666,34.760897,24.579666,34.760897,0.003074007,5.571576,55.403649,60.975225,10.162538,60.000000,61.436734,8,True
90.000000,-11986.900562,-11986.900562,0.000000,31.475360,44.512882,31.475360,44.512882,0.003080391,9.155215,70.938525,80.093740,13.348957,60.000000,61.914620,7,True
91.000000,-10109.698303,-10109.698303,0.000000,26.546178,37.541965,26.546178,37.541965,0.003076573,6.504180,59.833431,66.337611,11.056268,60.000000,61.611748,6,True
92.000000,-5781.739461,-5781.739461,0.000000,15.181767,21.470261,15.181767,21.470261,0.003067083,2.120759,34.224728,36.345487,6.057581,60.000000,60.904519,8,True
93.000000,-2921.507189,-2921.507189,0.000000,7.671332,10.848902,7.671332,10.848902,0.003061044,0.540421,17.295642,17.836063,2.972677,60.000000,60.450048,7,True
94.000000,-2529.809596,-2529.809596,0.000000,6.642807,9.394348,6.642807,9.394348,0.003060090,0.405097,14.977012,15.382109,2.563685,60.000000,60.376384,4,True
95.000000,-2402.773502,-2402.773502,0.000000,6.309234,8.922604,6.309234,8.922604,0.003059742,0.365392,14.225023,14.590415,2.431736,60.000000,60.353898,3,True
96.000000,-1337.340132,-1337.340132,0.000000,3.511605,4.966160,3.511605,4.966160,0.003057741,0.113118,7.917681,8.030799,1.338467,60.000000,60.199722,5,True
97.000000,-0.000000,-0.000000,0.000000,0.000000,0.000000,0.000000,0.000000,0.003055131,0.000000,0.000000,0.000000,0.000000,60.000000,60.007466,6,True
98.000000,-0.000000,-0.000000,0.000000,0.000000,0.000000,0.000000,0.000000,0.003055051,0.000000,0.000000,0.000000,0.000000,60.000000,60.001023,1,True
99.000000,-0.000000,-0.000000,0.000000,0.000000,0.000000,0.000000,0.000000,0.003054965,0.000000,0.000000,0.000000,0.000000,60.000000,60.000140,1,True
100.000000,0.000000,0.000000,0.000000,0.000000,0.000000,0.000000,0.000000,0.003054954,0.000000,0.000000,0.000000,0.000000,60.000000,60.000019,1,True
101.000000,0.000000,0.000000,0.000000,0.000000,0.000000,0.000000,0.000000,0.003054952,0.000000,0.000000,0.000000,0.000000,60.000000,60.000003,1,True
102.000000,0.000000,0.000000,0.000000,0.000000,0.000000,0.000000,0.000000,0.003054952,0.000000,0.000000,0.000000,0.000000,60.000000,60.000000,1,True
103.000000,0.000000,0.000000,0.000000,0.000000,0.000000,0.000000,0.000000,0.003054952,0.000000,0.000000,0.000000,0.000000,60.000000,60.000000,1,True
104.000000,0.000000,0.000000,0.000000,0.000000,0.000000,0.000000,0.000000,0.003054952,0.000000,0.000000,0.000000,0.000000,60.000000,60.000000,1,True
105.000000,0.000000,0.000000,0.000000,0.000000,0.000000,0.000000,0.000000,0.003054952,0.000000,0.000000,0.000000,0.000000,60.000000,60.000000,1,True
106.000000,0.000000,0.000000,0.000000,0.000000,0.000000,0.000000,0.000000,0.003054952,0.000000,0.000000,0.000000,0.000000,60.000000,60.000000,1,True
107.000000,0.000000,0.000000,0.000000,0.000000,0.000000,0.000000,0.000000,0.003054952,0.000000,0.000000,0.000000,0.000000,60.000000,60.000000,1,True
108.000000,0.000000,0.000000,0.000000,0.000000,0.000000,0.000000,0.000000,0.003054952,0.000000,0.000000,0.000000,0.000000,60.000000,60.000000,1,True
109.000000,0.000000,0.000000,0.000000,0.000000,0.000000,0.000000,0.000000,0.003054952,0.000000,0.000000,0.000000,0.000000,60.000000,60.000000,1,True
110.000000,0.000000,0.000000,0.000000,0.000000,0.000000,0.000000,0.000000,0.003054952,0.000000,0.000000,0.000000,0.000000,60.000000,60.000000,1,True
111.000000,0.000000,0.000000,0.000000,0.000000,0.000000,0.000000,0.000000,0.003054952,0.000000,0.000000,0.000000,0.000000,60.000000,60.000000,1,True
112.000000,0.000000,0.000000,0.000000,0.000000,0.000000,0.000000,0.000000,0.003054952,0.000000,0.000000,0.000000,0.000000,60.000000,60.000000,1,True
113.000000,0.000000,0.000000,0.000000,0.000000,0.000000,0.000000,0.000000,0.003054952,0.000000,0.000000,0.000000,0.000000,60.000000,60.000000,1,True
114.000000,0.000000,0.000000,0.000000,0.000000,0.000000,0.000000,0.000000,0.003054952,0.000000,0.000000,0.000000,0.000000,60.000000,60.000000,1,True
115.000000,0.000000,0.000000,0.000000,0.000000,0.000000,0.000000,0.000000,0.003054952,0.000000,0.000000,0.000000,0.000000,60.000000,60.000000,1,True
116.000000,0.000000,0.000000,0.000000,0.000000,0.000000,0.000000,0.000000,0.003054952,0.000000,0.000000,0.000000,0.000000,60.000000,60.000000,1,True
117.000000,0.000000,0.000000,0.000000,0.000000,0.000000,0.000000,0.000000,0.003054952,0.000000,0.000000,0.000000,0.000000,60.000000,60.000000,1,True
118.000000,0.000000,0.000000,0.000000,0.000000,0.000000,0.000000,0.000000,0.003054952,0.000000,0.000000,0.000000,0.000000,60.000000,60.000000,1,True
119.000000,0.000000,0.000000,0.000000,0.000000,0.000000,0.000000,0.000000,0.003054952,0.000000,0.000000,0.000000,0.000000,60.000000,60.000000,1,True
120.000000,0.000000,0.000000,0.000000,0.000000,0.000000,0.000000,0.000000,0.003054952,0.000000,0.000000,0.000000,0.000000,60.000000,60.000000,1,True
121.000000,0.000000,0.000000,0.000000,0.000000,0.000000,0.000000,0.000000,0.003054952,0.000000,0.000000,0.000000,0.000000,60.000000,60.000000,1,True
122.000000,0.000000,0.000000,0.000000,0.000000,0.000000,0.000000,0.000000,0.003054952,0.000000,0.000000,0.000000,0.000000,60.000000,60.000000,1,True
123.000000,0.000000,0.000000,0.000000,0.000000,0.000000,0.000000,0.000000,0.003054952,0.000000,0.000000,0.000000,0.000000,60.000000,60.000000,1,True
124.000000,0.000000,0.000000,0.000000,0.000000,0.000000,0.000000,0.000000,0.003054952,0.000000,0.000000,0.000000,0.000000,60.000000,60.000000,1,True
125.000000,0.000000,0.000000,0.000000,0.000000,0.000000,0.000000,0.000000,0.003054952,0.000000,0.000000,0.000000,0.000000,60.000000,60.000000,1,True
126.000000,0.000000,0.000000,0.000000,0.000000,0.000000,0.000000,0.000000,0.003054952,0.000000,0.000000,0.000000,0.000000,60.000000,60.000000,1,True
127.000000,0.000000,0.000000,0.000000,0.000000,0.000000,0.000000,0.000000,0.003054952,0.000000,0.000000,0.000000,0.000000,60.000000,60.000000,1,True
128.000000,0.000000,0.000000,0.000000,0.000000,0.000000,0.000000,0.000000,0.003054952,0.000000,0.000000,0.000000,0.000000,60.000000,60.000000,1,True
129.000000,0.000000,0.000000,0.000000,0.000000,0.000000,0.000000,0.000000,0.003054952,0.000000,0.000000,0.000000,0.000000,60.000000,60.000000,1,True
130.000000,0.000000,0.000000,0.000000,0.000000,0.000000,0.000000,0.000000,0.003054952,0.000000,0.000000,0.000000,0.000000,60.000000,60.000000,1,True
131.000000,0.000000,0.000000,0.000000,0.000000,0.000000,0.000000,0.000000,0.003054952,0.000000,0.000000,0.000000,0.000000,60.000000,60.000000,1,True
132.000000,0.000000,0.000000,0.000000,0.000000,0.000000,0.000000,0.000000,0.003054952,0.000000,0.000000,0.000000,0.000000,60.000000,60.000000,1,True
133.000000,0.000000,0.000000,0.000000,0.000000,0.000000,0.000000,0.000000,0.003054952,0.000000,0.000000,0.000000,0.000000,60.000000,60.000000,1,True
134.000000,0.000000,0.000000,0.000000,0.000000,0.000000,0.000000,0.000000,0.003054952,0.000000,0.000000,0.000000,0.000000,60.000000,60.000000,1,True
135.000000,0.000000,0.000000,0.000000,0.000000,0.000000,0.000000,0.000000,0.003054952,0.000000,0.000000,0.000000,0.000000,60.000000,60.000000,1,True
136.000000,0.000000,0.000000,0.000000,0.000000,0.000000,0.000000,0.000000,0.003054952,0.000000,0.000000,0.000000,0.000000,60.000000,60.000000,1,True
137.000000,0.000000,0.000000,0.000000,0.000000,0.000000,0.000000,0.000000,0.003054952,0.000000,0.000000,0.000000,0.000000,60.000000,60.000000,1,True
138.000000,40.708870,40.708870,0.000000,0.106894,0.151171,0.106894,0.151171,0.003054952,0.000105,0.241028,0.241133,0.040189,60.000000,60.005626,1,True
139.000000,980.371884,980.371884,0.000000,2.574273,3.640572,2.574273,3.640572,0.003056668,0.060769,5.804376,5.865145,0.977524,60.000000,60.137027,5,True
140.000000,5007.120112,5007.120112,0.000000,13.147762,18.593743,13.147762,18.593743,0.003064597,1.589272,29.640761,31.230033,5.205006,60.000000,60.732943,7,True
141.000000,10069.412631,10069.412631,0.000000,26.440396,37.392366,26.440396,37.392366,0.003075724,6.450666,59.595934,66.046599,11.007767,60.000000,61.564128,8,True
142.000000,10159.736907,10159.736907,0.000000,26.677570,37.727782,26.677570,37.727782,0.003076311,6.568165,60.129870,66.698035,11.116339,60.000000,61.606942,4,True
143.000000,6259.117506,6259.117506,0.000000,16.435273,23.242986,16.435273,23.242986,0.003068113,2.486259,37.049842,39.536101,6.589350,60.000000,60.977416,7,True
144.000000,4109.220901,4109.220901,0.000000,10.790046,15.259429,10.790046,15.259429,0.003063401,1.069970,24.325982,25.395952,4.232659,60.000000,60.628528,7,True
145.000000,5925.293867,5925.293867,0.000000,15.558714,22.003345,15.558714,22.003345,0.003066753,2.227139,35.074704,37.301844,6.216974,60.000000,60.893566,6,True
146.000000,9537.135626,9537.135626,0.000000,25.042736,35.415776,25.042736,35.415776,0.003074593,5.784587,56.446820,62.231407,10.371901,60.000000,61.482069,7,True
147.000000,11243.560685,11243.560685,0.000000,29.523489,41.752518,29.523489,41.752518,0.003078690,8.050494,66.541516,74.592010,12.432002,60.000000,61.789345,6,True
148.000000,9907.059138,9907.059138,0.000000,26.014086,36.789473,26.014086,36.789473,0.003076035,6.244961,58.634707,64.879668,10.813278,60.000000,61.574197,6,True
149.000000,6585.043389,6585.043389,0.000000,17.291093,24.453298,17.291093,24.453298,0.003068779,2.752528,38.978631,41.731159,6.955193,60.000000,61.028653,7,True
150.000000,2305.985555,2305.985555,0.000000,6.055087,8.563186,6.055087,8.563186,0.003059871,0.336562,13.651981,13.988543,2.331424,60.000000,60.363936,8,True
151.000000,-2563.293771,-2563.293771,0.000000,6.730730,9.518690,6.730730,9.518690,0.003059902,0.415866,15.175298,15.591164,2.598527,60.000000,60.378997,2,True
152.000000,-7885.371442,-7885.371442,-0.000000,20.705512,29.282015,20.705512,29.282015,0.003070793,3.949514,46.673892,50.623406,8.437234,60.000000,61.194508,8,True
153.000000,-9947.548600,-9947.548600,0.000000,26.120403,36.939829,26.120403,36.939829,0.003075665,6.295352,58.874745,65.170096,10.861683,60.000000,61.558864,7,True
154.000000,-7131.920416,-7131.920416,-0.000000,18.727090,26.484105,18.727090,26.484105,0.003069876,3.229853,42.214890,45.444743,7.574124,60.000000,61.112483,7,True
155.000000,-2929.889786,-2929.889786,0.000000,7.693343,10.880030,7.693343,10.880030,0.003061113,0.543539,17.345246,17.888785,2.981464,60.000000,60.457226,8,True
156.000000,18.567375,18.567375,0.000000,0.048754,0.068949,0.048754,0.068949,0.003055321,0.000022,0.109932,0.109954,0.018326,60.000000,60.020886,7,True
157.000000,2776.374712,2776.374712,0.000000,7.290241,10.309958,7.290241,10.309958,0.003060170,0.487922,16.436706,16.924628,2.820771,60.000000,60.397497,7,True
158.000000,5864.252126,5864.252126,0.000000,15.398430,21.776669,15.398430,21.776669,0.003066495,2.181305,34.713533,36.894838,6.149140,60.000000,60.873406,7,True
159.000000,9046.719669,9046.719669,0.000000,23.754995,33.594636,23.754995,33.594636,0.003073498,5.203122,53.545305,58.748427,9.791405,60.000000,61.399046,7,True
160.000000,10902.208486,10902.208486,0.000000,28.627162,40.484920,28.627162,40.484920,0.003077933,7.567231,64.522227,72.089458,12.014910,60.000000,61.728207,7,True
161.000000,11255.042743,11255.042743,0.000000,29.553639,41.795157,29.553639,41.795157,0.003078848,8.067359,66.609276,74.676635,12.446106,60.000000,61.800618,4,True
162.000000,9894.644718,9894.644718,0.000000,25.981488,36.743372,25.981488,36.743372,0.003076030,6.229309,58.561238,64.790548,10.798425,60.000000,61.573453,6,True
163.000000,10301.288507,10301.288507,0.000000,27.049258,38.253428,27.049258,38.253428,0.003076657,6.753222,60.967249,67.720471,11.286745,60.000000,61.635189,4,True
164.000000,9882.244408,9882.244408,0.000000,25.948927,36.697324,25.948927,36.697324,0.003075951,6.213545,58.487933,64.701478,10.783580,60.000000,61.565945,4,True
165.000000,8254.570701,8254.570701,0.000000,21.674960,30.653022,21.674960,30.653022,0.003072336,4.330186,48.857814,53.188000,8.864667,60.000000,61.295290,6,True
166.000000,7281.538538,7281.538538,0.000000,19.119959,27.039706,19.119959,27.039706,0.003070085,3.367019,43.100337,46.467356,7.744559,60.000000,61.129920,6,True
167.000000,10141.861625,10141.861625,0.000000,26.630633,37.661402,26.630633,37.661402,0.003076099,6.544622,60.024310,66.568932,11.094822,60.000000,61.592951,7,True
168.000000,13263.002704,13263.002704,0.000000,34.826166,49.251636,34.826166,49.251636,0.003083472,11.219477,78.486060,89.705537,14.950923,60.000000,62.146439,7,True
169.000000,10570.158039,10570.158039,0.000000,27.755259,39.251864,27.755259,39.251864,0.003077685,7.112724,62.557347,69.670072,11.611679,60.000000,61.697452,7,True
170.000000,3097.867510,3097.867510,0.000000,8.134421,11.503809,8.134421,11.503809,0.003061767,0.607780,18.339471,18.947251,3.157875,60.000000,60.502046,8,True
171.000000,-3709.073246,-3709.073246,0.000000,9.739333,13.773497,9.739333,13.773497,0.003062254,0.871407,21.957630,22.829037,3.804840,60.000000,60.554516,4,True
172.000000,-9420.579159,-9420.579159,0.000000,24.736680,34.982948,24.736680,34.982948,0.003074222,5.643380,55.757345,61.400725,10.233454,60.000000,61.452093,8,True
173.000000,-10745.964848,-10745.964848,0.000000,28.216895,39.904716,28.216895,39.904716,0.003077551,7.350976,63.597981,70.948956,11.824826,60.000000,61.702292,6,True
174.000000,-6422.308315,-6422.308315,0.000000,16.863781,23.848988,16.863781,23.848988,0.003068429,2.617865,38.015603,40.633468,6.772245,60.000000,61.005552,8,True
175.000000,-1501.259693,-1501.259693,0.000000,3.942027,5.574869,3.942027,5.574869,0.003058333,0.142576,8.888065,9.030641,1.505107,60.000000,60.247806,8,True
176.000000,2678.212588,2678.212588,0.000000,7.032486,9.945437,7.032486,9.945437,0.003060057,0.454013,15.855599,16.309613,2.718269,60.000000,60.392134,5,True
177.000000,7019.497334,7019.497334,-0.000000,18.431888,26.066626,18.431888,26.066626,0.003068958,3.127893,41.550143,44.678036,7.446339,60.000000,61.055803,8,True
178.000000,8858.334272,8858.334272,0.000000,23.260330,32.895074,23.260330,32.895074,0.003073137,4.988097,52.430646,57.418743,9.569790,60.000000,61.373726,6,True
179.000000,5900.856141,5900.856141,0.000000,15.494545,21.912596,15.494545,21.912596,0.003067212,2.209137,34.929750,37.138888,6.189815,60.000000,60.912519,7,True
180.000000,2519.076635,2519.076635,0.000000,6.614624,9.354492,6.614624,9.354492,0.003060262,0.401689,14.913424,15.315113,2.552519,60.000000,60.390356,7,True
181.000000,896.429082,896.429082,0.000000,2.353855,3.328854,2.353855,3.328854,0.003056929,0.050812,5.307360,5.358172,0.893029,60.000000,60.140560,6,True
182.000000,-579.882465,-579.882465,0.000000,1.522663,2.153371,1.522663,2.153371,0.003056195,0.021257,3.433274,3.454531,0.575755,60.000000,60.086588,4,True
183.000000,-3156.668274,-3156.668274,0.000000,8.288821,11.722163,8.288821,11.722163,0.003060926,0.630899,18.687862,19.318761,3.219793,60.000000,60.454075,7,True
184.000000,-4935.508833,-4935.508833,0.000000,12.959724,18.327817,12.959724,18.327817,0.003064594,1.544136,29.216844,30.760980,5.126830,60.000000,60.732102,6,True
185.000000,-4930.562126,-4930.562126,0.000000,12.946735,18.309448,12.946735,18.309448,0.003064710,1.541101,29.187499,30.728600,5.121433,60.000000,60.741088,1,True
186.000000,-3994.251149,-3994.251149,0.000000,10.488157,14.832494,10.488157,14.832494,0.003063075,1.010828,23.645520,24.656348,4.109391,60.000000,60.600714,5,True
187.000000,-2874.372364,-2874.372364,0.000000,7.547565,10.673868,7.547565,10.673868,0.003060759,0.523075,17.016688,17.539763,2.923294,60.000000,60.430473,6,True
188.000000,-2029.595080,-2029.595080,-0.000000,5.329337,7.536821,5.329337,7.536821,0.003059083,0.260651,12.015859,12.276509,2.046085,60.000000,60.301972,5,True
189.000000,-1413.355935,-1413.355935,0.000000,3.711209,5.248441,3.711209,5.248441,0.003057816,0.126347,8.367719,8.494065,1.415678,60.000000,60.209150,5,True
190.000000,-889.011581,-889.011581,0.000000,2.334378,3.301309,2.334378,3.301309,0.003056834,0.049973,5.263454,5.313427,0.885571,60.000000,60.131589,4,True
191.000000,-577.630112,-577.630112,0.000000,1.516749,2.145007,1.516749,2.145007,0.003056164,0.021092,3.419941,3.441033,0.573505,60.000000,60.085155,4,True
192.000000,-296.810235,-296.810235,0.000000,0.779368,1.102193,0.779368,1.102193,0.003055610,0.005568,1.757325,1.762893,0.293815,60.000000,60.044275,4,True
193.000000,20.481483,20.481483,0.000000,0.053781,0.076057,0.053781,0.076057,0.003055145,0.000027,0.121266,0.121292,0.020215,60.000000,60.004528,3,True
194.000000,209.889318,209.889318,0.000000,0.551130,0.779416,0.551130,0.779416,0.003055261,0.002784,1.242700,1.245484,0.207581,60.000000,60.029381,3,True
195.000000,487.188771,487.188771,0.000000,1.279267,1.809156,1.279267,1.809156,0.003055735,0.015002,2.884493,2.899495,0.483249,60.000000,60.068594,3,True
196.000000,674.637332,674.637332,0.000000,1.771472,2.505239,1.771472,2.505239,0.003056140,0.028772,3.994287,4.023059,0.670510,60.000000,60.096085,3,True
197.000000,674.637332,674.637332,0.000000,1.771472,2.505239,1.771472,2.505239,0.003056232,0.028772,3.994281,4.023053,0.670509,60.000000,60.097068,1,True
198.000000,1143.258732,1143.258732,0.000000,3.001984,4.245446,3.001984,4.245446,0.003057016,0.082649,6.768718,6.851367,1.141895,60.000000,60.163196,4,True
199.000000,1680.182271,1680.182271,-0.000000,4.411845,6.239290,4.411845,6.239290,0.003058041,0.178569,9.947412,10.125981,1.687664,60.000000,60.241657,4,True
200.000000,2256.297243,2256.297243,0.000000,5.924615,8.378671,5.924615,8.378671,0.003059241,0.322148,13.357970,13.680117,2.280020,60.000000,60.327223,5,True
201.000000,2979.398861,2979.398861,0.000000,7.823345,11.063880,7.823345,11.063880,0.003060666,0.561982,17.638490,18.200471,3.033412,60.000000,60.435615,5,True
202.000000,3781.229671,3781.229671,0.000000,9.928802,14.041447,9.928802,14.041447,0.003062287,0.905651,22.384781,23.290432,3.881739,60.000000,60.558031,5,True
203.000000,6098.222520,6098.222520,0.000000,16.012793,22.645508,16.012793,22.645508,0.003067089,2.359292,36.098130,38.457422,6.409570,60.000000,60.916088,7,True
204.000000,8073.532177,8073.532177,0.000000,21.199586,29.980743,21.199586,29.980743,0.003071442,4.141125,47.787054,51.928179,8.654696,60.000000,61.241883,7,True
205.000000,9187.906150,9187.906150,0.000000,24.125724,34.118926,24.125724,34.118926,0.003074015,5.367696,54.380436,59.748132,9.958022,60.000000,61.435609,6,True
206.000000,12008.442791,12008.442791,0.000000,31.531926,44.592878,31.531926,44.592878,0.003080478,9.188411,71.065898,80.254309,13.375718,60.000000,61.921253,7,True
207.000000,13814.155285,13814.155285,0.000000,36.273390,51.298320,36.273390,51.298320,0.003084981,12.177271,81.745334,93.922605,15.653768,60.000000,62.255909,7,True
208.000000,13616.031372,13616.031372,0.000000,35.753153,50.562594,35.753153,50.562594,0.003084815,11.829848,80.573179,92.403027,15.400504,60.000000,62.232437,3,True
209.000000,16004.926351,16004.926351,0.000000,42.025945,59.433662,42.025945,59.433662,0.003090476,16.375011,94.699678,111.074689,18.512448,60.000000,62.668658,7,True
210.000000,17386.871020,17386.871020,0.000000,45.654674,64.565459,45.654674,64.565459,0.003094110,19.347617,102.869657,122.217274,20.369546,60.000000,62.942155,6,True
211.000000,14176.320813,14176.320813,0.000000,37.224369,52.643207,37.224369,52.643207,0.003086524,12.830561,83.886073,96.716634,16.119439,60.000000,62.357003,7,True
212.000000,11795.389509,11795.389509,0.000000,30.972488,43.801713,30.972488,43.801713,0.003080641,8.865730,69.804842,78.670571,13.111762,60.000000,61.918941,7,True
213.000000,10319.899616,10319.899616,0.000000,27.098128,38.322539,27.098128,38.322539,0.003077086,6.778592,61.076915,67.855507,11.309251,60.000000,61.651284,6,True
214.000000,11277.996036,11277.996036,0.000000,29.613910,41.880393,29.613910,41.880393,0.003078893,8.100415,66.745062,74.845478,12.474246,60.000000,61.804508,5,True
215.000000,14418.449425,14418.449425,-0.000000,37.860153,53.542342,37.860153,53.542342,0.003086355,13.271861,85.319095,98.590956,16.431826,60.000000,62.362244,7,True
216.000000,17218.963899,17218.963899,0.000000,45.213781,63.941942,45.213781,63.941942,0.003093537,18.972225,101.877303,120.849528,20.141588,60.000000,62.899191,7,True
217.000000,18090.363496,18090.363496,0.000000,47.501913,67.177850,47.501913,67.177850,0.003096046,20.958051,107.028077,127.986128,21.331021,60.000000,63.084127,6,True
218.000000,16973.222175,16973.222175,0.000000,44.568509,63.029390,44.568509,63.029390,0.003093464,18.434123,100.423489,118.857612,19.809602,60.000000,62.878784,6,True
219.000000,14821.078932,14821.078932,0.000000,38.917383,55.037491,38.917383,55.037491,0.003088045,14.031115,87.698875,101.729990,16.954998,60.000000,62.473623,7,True
220.000000,12387.939227,12387.939227,0.000000,32.528413,46.002123,32.528413,46.002123,0.003082069,9.783388,73.309614,83.093003,13.848834,60.000000,62.025687,7,True
221.000000,9347.242622,9347.242622,0.000000,24.544112,34.710616,24.544112,34.710616,0.003074962,5.557195,55.322537,60.879732,10.146622,60.000000,61.492183,7,True
222.000000,7361.276721,7361.276721,0.000000,19.329337,27.335810,19.329337,27.335810,0.003070363,3.441477,43.572094,47.013571,7.835595,60.000000,61.150583,7,True
223.000000,7015.865383,7015.865383,0.000000,18.422351,26.053139,18.422351,26.053139,0.003069504,3.125212,41.528228,44.653440,7.442240,60.000000,61.083067,4,True
224.000000,7068.105226,7068.105226,-0.000000,18.559523,26.247129,18.559523,26.247129,0.003069391,3.171809,41.837532,45.009342,7.501557,60.000000,61.087969,1,True
225.000000,8408.059116,8408.059116,0.000000,22.077992,31.222995,22.077992,31.222995,0.003072243,4.492582,49.766378,54.258960,9.043160,60.000000,61.303584,6,True
226.000000,8955.837658,8955.837658,0.000000,23.516356,33.257149,23.516356,33.257149,0.003073539,5.099177,53.007356,58.106533,9.684422,60.000000,61.399983,5,True
227.000000,8628.312336,8628.312336,0.000000,22.656335,32.040897,22.656335,32.040897,0.003073035,4.732254,51.069290,55.801544,9.300257,60.000000,61.349875,4,True
228.000000,8293.594449,8293.594449,0.000000,21.777429,30.797935,21.777429,30.797935,0.003072300,4.371173,49.088823,53.459997,8.909999,60.000000,61.294084,4,True
229.000000,7493.914800,7493.914800,-0.000000,19.677620,27.828357,19.677620,27.828357,0.003070568,3.566852,44.357025,47.923876,7.987313,60.000000,61.163066,5,True
230.000000,5783.004865,5783.004865,0.000000,15.185090,21.474960,15.185090,21.474960,0.003066915,2.121572,34.232324,36.353896,6.058983,60.000000,60.888866,6,True
231.000000,3135.293970,3135.293970,0.000000,8.232696,11.642790,8.232696,11.642790,0.003061425,0.622485,18.561153,19.183638,3.197273,60.000000,60.479326,7,True
232.000000,-1603.277755,-1603.277755,0.000000,4.209908,5.953709,4.209908,5.953709,0.003058293,0.162609,9.492060,9.654669,1.609112,60.000000,60.243416,6,True
233.000000,-6094.534141,-6094.534141,0.000000,16.003108,22.631812,16.003108,22.631812,0.003066962,2.356342,36.076381,38.432723,6.405454,60.000000,60.906192,8,True
234.000000,-7452.495720,-7452.495720,0.000000,19.568861,27.674548,19.568861,27.674548,0.003070060,3.526949,44.112274,47.639223,7.939870,60.000000,61.140513,6,True
235.000000,-5267.339703,-5267.339703,0.000000,13.831050,19.560058,13.831050,19.560058,0.003065776,1.759430,31.180513,32.939942,5.489990,60.000000,60.806823,7,True
236.000000,-2055.128765,-2055.128765,0.000000,5.396384,7.631639,5.396384,7.631639,0.003059305,0.267270,12.166976,12.434246,2.072374,60.000000,60.319058,7,True
237.000000,-1096.587651,-1096.587651,0.000000,2.879434,4.072135,2.879434,4.072135,0.003057293,0.076045,6.492367,6.568412,1.094735,60.000000,60.166168,5,True
238.000000,-3192.633963,-3192.633963,0.000000,8.383260,11.855720,8.383260,11.855720,0.003060993,0.645371,18.900760,19.546131,3.257689,60.000000,60.462568,6,True
239.000000,-7187.573748,-7187.573748,0.000000,18.873225,26.690771,18.873225,26.690771,0.003069276,3.279816,42.544780,45.824596,7.637433,60.000000,61.084187,7,True
240.000000,-9609.120045,-9609.120045,0.000000,25.231753,35.683088,25.231753,35.683088,0.003074856,5.872741,56.872595,62.745336,10.457556,60.000000,61.499061,7,True
241.000000,-7849.099204,-7849.099204,0.000000,20.610267,29.147320,20.610267,29.147320,0.003071403,3.914040,46.458674,50.372714,8.395452,60.000000,61.225283,6,True
242.000000,-6929.860874,-6929.860874,0.000000,18.196519,25.733765,18.196519,25.733765,0.003069363,3.048921,41.019257,44.068178,7.344696,60.000000,61.071323,5,True
243.000000,-7236.060067,-7236.060067,0.000000,19.000541,26.870823,19.000541,26.870823,0.003069739,3.324717,42.831416,46.156133,7.692689,60.000000,61.114569,4,True
244.000000,-6460.924593,-6460.924593,0.000000,16.965180,23.992388,16.965180,23.992388,0.003068285,2.649317,38.244286,40.893603,6.815600,60.000000,60.992528,5,True
245.000000,-7453.383881,-7453.383881,0.000000,19.571193,27.677847,19.571193,27.677847,0.003070107,3.527844,44.117493,47.645337,7.940889,60.000000,61.146387,5,True
246.000000,-8952.038332,-8952.038332,0.000000,23.506379,33.243041,23.506379,33.243041,0.003073439,5.094686,52.984966,58.079652,9.679942,60.000000,61.394206,6,True
247.000000,-7289.226826,-7289.226826,0.000000,19.140147,27.068256,19.140147,27.068256,0.003070161,3.374216,43.145785,46.520001,7.753333,60.000000,61.132580,6,True
248.000000,-3682.971732,-3682.971732,0.000000,9.670795,13.676570,9.670795,13.676570,0.003062648,0.859296,21.802952,22.662248,3.777041,60.000000,60.568696,7,True
249.000000,-1058.488023,-1058.488023,0.000000,2.779392,3.930653,2.779392,3.930653,0.003057295,0.070853,6.266797,6.337650,1.056275,60.000000,60.169644,7,True
250.000000,-642.359932,-642.359932,0.000000,1.686717,2.385378,1.686717,2.385378,0.003056364,0.026086,3.803169,3.829255,0.638209,60.000000,60.096889,4,True
251.000000,-1180.352606,-1180.352606,0.000000,3.099385,4.383193,3.099385,4.383193,0.003057082,0.088101,6.988326,7.076427,1.179404,60.000000,60.168903,4,True
252.000000,-851.613038,-851.613038,0.000000,2.236177,3.162431,2.236177,3.162431,0.003056682,0.045855,5.042047,5.087902,0.847984,60.000000,60.124326,4,True
253.000000,189.479963,189.479963,0.000000,0.497539,0.703626,0.497539,0.703626,0.003055438,0.002269,1.121858,1.124127,0.187354,60.000000,60.030657,5,True
254.000000,467.528662,467.528662,0.000000,1.227643,1.736149,1.227643,1.736149,0.003055717,0.013816,2.768092,2.781908,0.463651,60.000000,60.066326,3,True
255.000000,-1143.171838,-1143.171838,0.000000,3.001756,4.245123,3.001756,4.245123,0.003057031,0.082636,6.768202,6.850839,1.141806,60.000000,60.162047,5,True
256.000000,-1640.047108,-1640.047108,-0.000000,4.306457,6.090250,4.306457,6.090250,0.003057970,0.170135,9.709807,9.879943,1.646657,60.000000,60.235760,4,True
257.000000,482.590953,482.590953,0.000000,1.267194,1.792082,1.267194,1.792082,0.003056016,0.014722,2.857256,2.871977,0.478663,60.000000,60.074834,6,True
258.000000,4965.972627,4965.972627,0.000000,13.039716,18.440943,13.039716,18.440943,0.003064554,1.563237,29.397202,30.960440,5.160073,60.000000,60.725547,8,True
259.000000,8299.732680,8299.732680,0.000000,21.793547,30.820729,21.793547,30.820729,0.003071786,4.376914,49.125619,53.502533,8.917089,60.000000,61.271088,7,True
260.000000,9728.489836,9728.489836,0.000000,25.545196,36.126363,25.545196,36.126363,0.003075190,6.020210,57.578744,63.598954,10.599826,60.000000,61.525562,6,True
261.000000,10613.634549,10613.634549,0.000000,27.869421,39.413313,27.869421,39.413313,0.003077284,7.170423,62.815116,69.985539,11.664257,60.000000,61.684431,5,True
262.000000,12583.649995,12583.649995,0.000000,33.042313,46.728887,33.042313,46.728887,0.003081967,10.094622,74.467935,84.562557,14.093760,60.000000,62.030504,7,True
263.000000,17001.487638,17001.487638,0.000000,44.642729,63.134353,44.642729,63.134353,0.003092870,18.492023,100.591819,119.083842,19.847307,60.000000,62.847298,8,True
264.000000,20831.868353,20831.868353,0.000000,54.700593,77.358320,54.700593,77.358320,0.003103219,27.855935,123.231438,151.087373,25.181229,60.000000,63.620422,8,True
265.000000,20668.213901,20668.213901,0.000000,54.270867,76.750596,54.270867,76.750596,0.003103301,27.420707,122.263153,149.683859,24.947310,60.000000,63.614302,1,True
266.000000,16908.932455,16908.932455,0.000000,44.399696,62.790653,44.399696,62.790653,0.003093544,18.295219,100.042965,118.338184,19.723031,60.000000,62.885542,8,True
267.000000,15183.693139,15183.693139,0.000000,39.869540,56.384045,39.869540,56.384045,0.003088949,14.730396,89.843035,104.573431,17.428905,60.000000,62.542183,7,True
268.000000,15016.175379,15016.175379,0.000000,39.429670,55.761974,39.429670,55.761974,0.003088366,14.404439,88.852770,103.257209,17.209535,60.000000,62.498533,4,True
269.000000,13503.841194,13503.841194,-0.000000,35.458563,50.145981,35.458563,50.145981,0.003084720,11.635346,79.909431,91.544777,15.257463,60.000000,62.222524,6,True
270.000000,8987.421947,8987.421947,0.000000,23.599290,33.374436,23.599290,33.374436,0.003074219,5.136342,53.193631,58.329973,9.721662,60.000000,61.438716,8,True
271.000000,2183.899216,2183.899216,0.000000,5.734511,8.109823,5.734511,8.109823,0.003059879,0.301869,12.929199,13.231068,2.205178,60.000000,60.361317,8,True
272.000000,727.855804,727.855804,0.000000,1.911213,2.702864,1.911213,2.702864,0.003056626,0.033495,4.309336,4.342831,0.723805,60.000000,60.118053,6,True
273.000000,-2176.427784,-2176.427784,0.000000,5.714893,8.082079,5.714893,8.082079,0.003059042,0.299725,12.885165,13.184890,2.197482,60.000000,60.313061,6,True
274.000000,-7596.620435,-7596.620435,0.000000,19.947305,28.209750,19.947305,28.209750,0.003070129,3.664767,44.965309,48.630076,8.105013,60.000000,61.144926,8,True
275.000000,-9494.817490,-9494.817490,0.000000,24.931616,35.258630,24.931616,35.258630,0.003074636,5.733448,56.196309,61.929757,10.321626,60.000000,61.481401,7,True
276.000000,-10161.945112,-10161.945112,0.000000,26.683369,37.735982,26.683369,37.735982,0.003076268,6.570929,60.142987,66.713916,11.118986,60.000000,61.606179,5,True
277.000000,-10399.350062,-10399.350062,0.000000,27.306750,38.617576,27.306750,38.617576,0.003076901,6.882954,61.547341,68.430294,11.405049,60.000000,61.651470,4,True
278.000000,-12050.666965,-12050.666965,0.000000,31.642799,44.749676,31.642799,44.749676,0.003080666,9.253706,71.315534,80.569240,13.428207,60.000000,61.936664,6,True
279.000000,-10716.755023,-10716.755023,0.000000,28.140196,39.796246,28.140196,39.796246,0.003077934,7.311976,63.424662,70.736638,11.789440,60.000000,61.716234,6,True
280.000000,-4686.652463,-4686.652463,0.000000,12.306273,17.403699,12.306273,17.403699,0.003064913,1.392491,27.743520,29.136012,4.856002,60.000000,60.739714,8,True
281.000000,3541.902035,3541.902035,-0.000000,9.300373,13.152713,9.300373,13.152713,0.003062192,0.794611,20.968004,21.762615,3.627103,60.000000,60.536951,6,True
282.000000,12799.173631,12799.173631,0.000000,33.608238,47.529226,33.608238,47.529226,0.003081963,10.443358,75.743373,86.186731,14.364455,60.000000,62.030669,9,True
283.000000,16773.246627,16773.246627,0.000000,44.043411,62.286789,44.043411,62.286789,0.003092246,17.995219,99.242535,117.237754,19.539626,60.000000,62.800221,8,True
284.000000,19561.048928,19561.048928,0.000000,51.363658,72.639182,51.363658,72.639182,0.003099773,24.533702,115.721186,140.254888,23.375815,60.000000,63.365788,7,True
285.000000,21351.834522,21351.834522,0.000000,56.065927,79.289194,56.065927,79.289194,0.003104874,29.279472,126.303478,155.582950,25.930492,60.000000,63.743900,7,True
286.000000,21731.221743,21731.221743,0.000000,57.062127,80.698033,57.062127,80.698033,0.003106094,30.341135,128.544809,158.885944,26.480991,60.000000,63.834796,5,True
287.000000,23726.808597,23726.808597,0.000000,62.302165,88.108566,62.302165,88.108566,0.003111667,36.234359,140.334798,176.569157,29.428193,60.000000,64.251674,7,True
288.000000,25742.202083,25742.202083,0.000000,67.594211,95.592650,67.594211,95.592650,0.003117594,42.732647,152.238532,194.971178,32.495196,60.000000,64.694357,7,True
289.000000,22606.989973,22606.989973,0.000000,59.361730,83.950164,59.361730,83.950164,0.003109083,32.867499,133.717839,166.585339,27.764223,60.000000,64.047077,8,True
290.000000,13207.002010,13207.002010,0.000000,34.679119,49.043680,34.679119,49.043680,0.003084733,11.129482,78.152857,89.282339,14.880390,60.000000,62.224989,9,True
291.000000,3666.200920,3666.200920,0.000000,9.626758,13.614292,9.626758,13.614292,0.003063164,0.851631,21.703464,22.555095,3.759183,60.000000,60.609912,9,True
292.000000,-1806.982918,-1806.982918,0.000000,4.744799,6.710160,4.744799,6.710160,0.003058779,0.206588,10.697982,10.904570,1.817428,60.000000,60.282118,7,True
293.000000,-2253.219379,-2253.219379,0.000000,5.916533,8.367241,5.916533,8.367241,0.003059274,0.321273,13.339740,13.661013,2.276835,60.000000,60.330391,4,True
294.000000,-866.389532,-866.389532,0.000000,2.274977,3.217303,2.274977,3.217303,0.003056796,0.047462,5.129522,5.176983,0.862831,60.000000,60.132215,6,True
295.000000,1151.183394,1151.183394,0.000000,3.022792,4.274874,3.022792,4.274874,0.003057054,0.083799,6.815632,6.899431,1.149905,60.000000,60.166274,3,True
296.000000,3333.933427,3333.933427,0.000000,8.754286,12.380430,8.754286,12.380430,0.003061252,0.703820,19.737175,20.440995,3.406833,60.000000,60.482643,6,True
297.000000,4806.430310,4806.430310,0.000000,12.620788,17.848489,12.620788,17.848489,0.003064366,1.464316,28.452854,29.917170,4.986195,60.000000,60.713547,6,True
298.000000,5214.990557,5214.990557,0.000000,13.693590,19.365661,13.693590,19.365661,0.003065287,1.724356,30.870905,32.595261,5.432544,60.000000,60.784192,4,True
299.000000,4135.496487,4135.496487,0.000000,10.859041,15.357003,10.859041,15.357003,0.003063325,1.083670,24.481564,25.565235,4.260872,60.000000,60.623202,6,True
300.000000,2657.776996,2657.776996,0.000000,6.978826,9.869550,6.978826,9.869550,0.003060370,0.447157,15.734526,16.181682,2.696947,60.000000,60.399613,6,True
301.000000,800.576968,800.576968,0.000000,2.102165,2.972911,2.102165,2.972911,0.003056747,0.040524,4.739878,4.780402,0.796734,60.000000,60.126200,6,True
302.000000,-867.625885,-867.625885,-0.000000,2.278223,3.221894,2.278223,3.221894,0.003056633,0.047595,5.136857,5.184452,0.864075,60.000000,60.126416,1,True
303.000000,-1970.440974,-1970.440974,0.000000,5.174010,7.317155,5.174010,7.317155,0.003058585,0.245638,11.665754,11.911392,1.985232,60.000000,60.282407,5,True
304.000000,-3455.396386,-3455.396386,0.000000,9.073225,12.831478,9.073225,12.831478,0.003061578,0.756119,20.456124,21.212242,3.535374,60.000000,60.504132,6,True
305.000000,-4407.974056,-4407.974056,0.000000,11.574516,16.368837,11.574516,16.368837,0.003063545,1.231264,26.094488,27.325752,4.554292,60.000000,60.654114,5,True
306.000000,-3273.850208,-3273.850208,0.000000,8.596519,12.157313,8.596519,12.157313,0.003061550,0.678747,19.381371,20.060118,3.343353,60.000000,60.489983,6,True
307.000000,-1247.301684,-1247.301684,0.000000,3.275181,4.631806,3.275181,4.631806,0.003057634,0.098396,7.384626,7.483022,1.247170,60.000000,60.192033,6,True
308.000000,506.608119,506.608119,0.000000,1.330258,1.881269,1.330258,1.881269,0.003056088,0.016224,2.999449,3.015673,0.502612,60.000000,60.078135,5,True
309.000000,812.486740,812.486740,0.000000,2.133438,3.017137,2.133438,3.017137,0.003056376,0.041734,4.810424,4.852157,0.808693,60.000000,60.116450,3,True
310.000000,-83.357170,-83.357170,0.000000,0.218880,0.309544,0.218880,0.309544,0.003055242,0.000439,0.493536,0.493975,0.082329,60.000000,60.015459,5,True
311.000000,-655.410944,-655.410944,0.000000,1.720987,2.433843,1.720987,2.433843,0.003056051,0.027154,3.880461,3.907615,0.651269,60.000000,60.092072,4,True
312.000000,-1765.115447,-1765.115447,0.000000,4.634863,6.554686,4.634863,6.554686,0.003058168,0.197086,10.450229,10.647316,1.774553,60.000000,60.251370,5,True
313.000000,-2989.052019,-2989.052019,0.000000,7.848692,11.099727,7.848692,11.099727,0.003060661,0.565628,17.695639,18.261268,3.043545,60.000000,60.434155,6,True
314.000000,-3760.476840,-3760.476840,0.000000,9.874309,13.964382,9.874309,13.964382,0.003062242,0.895724,22.261943,23.157667,3.859611,60.000000,60.554583,5,True
315.000000,-3611.128592,-3611.128592,0.000000,9.482149,13.409783,9.482149,13.409783,0.003062223,0.825984,21.377812,22.203796,3.700633,60.000000,60.536693,2,True
316.000000,-3001.971051,-3001.971051,0.000000,7.882615,11.147701,7.882615,11.147701,0.003060977,0.570587,17.772019,18.342606,3.057101,60.000000,60.446511,5,True
317.000000,-3353.662943,-3353.662943,0.000000,8.806092,12.453695,8.806092,12.453695,0.003061475,0.712227,19.853894,20.566121,3.427687,60.000000,60.495604,4,True
318.000000,-4198.980742,-4198.980742,0.000000,11.025739,15.592749,11.025739,15.592749,0.003063149,1.117133,24.857463,25.974595,4.329099,60.000000,60.623019,5,True
319.000000,-4203.482539,-4203.482539,0.000000,11.037559,15.609466,11.037559,15.609466,0.003063255,1.119568,24.884064,26.003632,4.333939,60.000000,60.627753,1,True
320.000000,-2046.279296,-2046.279296,0.000000,5.373147,7.598777,5.373147,7.598777,0.003059220,0.264966,12.114604,12.379569,2.063262,60.000000,60.310435,6,True
321.000000,-531.569536,-531.569536,0.000000,1.395802,1.973962,1.395802,1.973962,0.003056187,0.017863,3.147231,3.165094,0.527516,60.000000,60.085711,6,True
322.000000,126.805268,126.805268,0.000000,0.332967,0.470886,0.332967,0.470886,0.003055345,0.001016,0.750780,0.751796,0.125299,60.000000,60.021443,4,True
323.000000,321.283143,321.283143,0.000000,0.843629,1.193072,0.843629,1.193072,0.003055479,0.006524,1.902226,1.908750,0.318125,60.000000,60.045613,3,True
324.000000,-277.899992,-277.899992,0.000000,0.729713,1.031971,0.729713,1.031971,0.003055560,0.004881,1.645364,1.650246,0.275041,60.000000,60.040026,1,True
325.000000,673.028561,673.028561,0.000000,1.767247,2.499265,1.767247,2.499265,0.003056126,0.028634,3.984763,4.013398,0.668900,60.000000,60.095041,4,True
326.000000,859.696086,859.696086,-0.000000,2.257401,3.192447,2.257401,3.192447,0.003056497,0.046726,5.089921,5.136647,0.856108,60.000000,60.122933,3,True
327.000000,293.426920,293.426920,0.000000,0.770484,1.089629,0.770484,1.089629,0.003055679,0.005442,1.737291,1.742733,0.290455,60.000000,60.044779,4,True
328.000000,-2626.543268,-2626.543268,0.000000,6.896812,9.753565,6.896812,9.753565,0.003059878,0.436639,15.549757,15.986396,2.664399,60.000000,60.374833,7,True
329.000000,-4986.428359,-4986.428359,0.000000,13.093429,18.516905,13.093429,18.516905,0.003064703,1.576219,29.518214,31.094433,5.182405,60.000000,60.737283,7,True
330.000000,-2412.867700,-2412.867700,0.000000,6.335740,8.960089,6.335740,8.960089,0.003059905,0.368488,14.284740,14.653229,2.442205,60.000000,60.365880,7,True
331.000000,-54.241470,-54.241470,0.000000,0.142428,0.201424,0.142428,0.201424,0.003055308,0.000186,0.321149,0.321335,0.053556,60.000000,60.021320,7,True
332.000000,-214.868028,-214.868028,0.000000,0.564203,0.797904,0.564203,0.797904,0.003055306,0.002918,1.272177,1.275094,0.212516,60.000000,60.031877,2,True
333.000000,-283.004471,-283.004471,0.000000,0.743117,1.050926,0.743117,1.050926,0.003055377,0.005062,1.675592,1.680654,0.280109,60.000000,60.040423,1,True
334.000000,-128.176516,-128.176516,0.000000,0.336568,0.475978,0.336568,0.475978,0.003055277,0.001038,0.758900,0.759938,0.126656,60.000000,60.019106,3,True
335.000000,-268.899921,-268.899921,0.000000,0.706081,0.998549,0.706081,0.998549,0.003055332,0.004570,1.592084,1.596654,0.266109,60.000000,60.037990,2,True
336.000000,29.590263,29.590263,0.000000,0.077699,0.109882,0.077699,0.109882,0.003055132,0.000055,0.175197,0.175252,0.029209,60.000000,60.005338,3,True
337.000000,810.385352,810.385352,0.000000,2.127920,3.009334,2.127920,3.009334,0.003056370,0.041518,4.797983,4.839501,0.806583,60.000000,60.113219,5,True
338.000000,2068.093354,2068.093354,0.000000,5.430427,7.679783,5.430427,7.679783,0.003058814,0.270609,12.243841,12.514450,2.085742,60.000000,60.295525,6,True
339.000000,4845.693134,4845.693134,0.000000,12.723884,17.994290,12.723884,17.994290,0.003064375,1.488341,28.685275,30.173617,5.028936,60.000000,60.713533,7,True
340.000000,8948.013913,8948.013913,0.000000,23.495812,33.228096,23.495812,33.228096,0.003073251,5.089794,52.961330,58.051124,9.675187,60.000000,61.377525,8,True
341.000000,11615.880100,11615.880100,0.000000,30.501130,43.135112,30.501130,43.135112,0.003079522,8.594814,68.743921,77.338735,12.889789,60.000000,61.849470,7,True
342.000000,8774.256353,8774.256353,0.000000,23.039557,32.582854,23.039557,32.582854,0.003073553,4.894521,51.932609,56.827130,9.471188,60.000000,61.387737,7,True
343.000000,3838.163070,3838.163070,0.000000,10.078299,14.252867,10.078299,14.252867,0.003063047,0.933360,22.721508,23.654868,3.942478,60.000000,60.601278,8,True
344.000000,2503.850317,2503.850317,0.000000,6.574643,9.297949,6.574643,9.297949,0.003060094,0.396826,14.823327,15.220153,2.536692,60.000000,60.378907,6,True
345.000000,3720.557778,3720.557778,0.000000,9.769489,13.816144,9.769489,13.816144,0.003062192,0.876794,22.025644,22.902437,3.817073,60.000000,60.548593,6,True
346.000000,3861.055987,3861.055987,0.000000,10.138411,14.337879,10.138411,14.337879,0.003062515,0.944364,22.857255,23.801619,3.966936,60.000000,60.573787,3,True
347.000000,3061.384489,3061.384489,0.000000,8.038623,11.368330,8.038623,11.368330,0.003061131,0.593426,18.123702,18.717128,3.119521,60.000000,60.456373,5,True
348.000000,3970.991354,3970.991354,0.000000,10.427081,14.746119,10.427081,14.746119,0.003062678,0.998960,23.507996,24.506956,4.084493,60.000000,60.587980,5,True
349.000000,3849.346525,3849.346525,0.000000,10.107664,14.294396,10.107664,14.294396,0.003062691,0.938698,22.787862,23.726560,3.954427,60.000000,60.573457,2,True
350.000000,2812.248942,2812.248942,0.000000,7.384440,10.443175,7.384440,10.443175,0.003060676,0.500696,16.648934,17.149630,2.858272,60.000000,60.419939,5,True
351.000000,1722.179138,1722.179138,0.000000,4.522121,6.395244,4.522121,6.395244,0.003058448,0.187632,10.195976,10.383608,1.730601,60.000000,60.257328,6,True
352.000000,1275.951792,1275.951792,0.000000,3.350411,4.738197,3.350411,4.738197,0.003057574,0.102966,7.554256,7.657223,1.276204,60.000000,60.188197,4,True
353.000000,1270.241106,1270.241106,0.000000,3.335416,4.716990,3.335416,4.716990,0.003057459,0.102043,7.520462,7.622505,1.270418,60.000000,60.184671,1,True
354.000000,1482.451893,1482.451893,0.000000,3.892642,5.505027,3.892642,5.505027,0.003057710,0.138997,8.776816,8.915813,1.485969,60.000000,60.214451,3,True
355.000000,2136.178750,2136.178750,0.000000,5.609206,7.932615,5.609206,7.932615,0.003058992,0.288737,12.646889,12.935626,2.155938,60.000000,60.309122,5,True
356.000000,2373.306894,2373.306894,0.000000,6.231860,8.813181,6.231860,8.813181,0.003059444,0.356450,14.050650,14.407100,2.401183,60.000000,60.346467,3,True
357.000000,1501.927078,1501.927078,0.000000,3.943780,5.577347,3.943780,5.577347,0.003058021,0.142688,8.892067,9.034755,1.505793,60.000000,60.222583,5,True
358.000000,-699.635954,-699.635954,0.000000,1.837113,2.598070,1.837113,2.598070,0.003056455,0.030946,4.142271,4.173218,0.695536,60.000000,60.105485,5,True
359.000000,-2880.580068,-2880.580068,0.000000,7.563865,10.696920,7.563865,10.696920,0.003060344,0.525266,17.053569,17.578834,2.929806,60.000000,60.414285,6,True
360.000000,-3530.704473,-3530.704473,0.000000,9.270970,13.111132,9.270970,13.111132,0.003061785,0.789489,20.901872,21.691361,3.615227,60.000000,60.519337,5,True
361.000000,-2615.765677,-2615.765677,0.000000,6.868512,9.713542,6.868512,9.713542,0.003060242,0.433114,15.485847,15.918961,2.653160,60.000000,60.388851,5,True
362.000000,-1421.043937,-1421.043937,0.000000,3.731396,5.276991,3.731396,5.276991,0.003057865,0.127727,8.413228,8.540955,1.423492,60.000000,60.213122,6,True
363.000000,-458.480852,-458.480852,-0.000000,1.203885,1.702551,1.203885,1.702551,0.003056025,0.013288,2.714508,2.727795,0.454633,60.000000,60.071686,5,True
364.000000,560.912435,560.912435,0.000000,1.472851,2.082926,1.472851,2.082926,0.003055907,0.019887,3.320977,3.340864,0.556811,60.000000,60.081016,1,True
365.000000,1369.284349,1369.284349,0.000000,3.595485,5.084783,3.595485,5.084783,0.003057452,0.118576,8.106849,8.225425,1.370904,60.000000,60.194749,5,True
366.000000,2026.363829,2026.363829,0.000000,5.320853,7.524822,5.320853,7.524822,0.003058765,0.259794,11.996799,12.256593,2.042765,60.000000,60.292289,5,True
367.000000,3392.621514,3392.621514,0.000000,8.908390,12.598366,8.908390,12.598366,0.003061468,0.728869,20.084534,20.813403,3.468900,60.000000,60.495324,6,True
368.000000,5269.151173,5269.151173,0.000000,13.835806,19.566785,13.835806,19.566785,0.003065297,1.760365,31.191511,32.951876,5.491979,60.000000,60.785171,6,True
369.000000,5430.573889,5430.573889,0.000000,14.259672,20.166222,14.259672,20.166222,0.003065762,1.870160,32.146801,34.016961,5.669494,60.000000,60.819659,3,True
370.000000,3344.865367,3344.865367,0.000000,8.782991,12.421025,8.782991,12.421025,0.003061833,0.708578,19.801681,20.510259,3.418377,60.000000,60.506589,6,True
371.000000,503.870005,503.870005,-0.000000,1.323068,1.871101,1.323068,1.871101,0.003056219,0.016050,2.983230,2.999280,0.499880,60.000000,60.088572,7,True
372.000000,-2794.883231,-2794.883231,0.000000,7.338841,10.378688,7.338841,10.378688,0.003060182,0.494451,16.546277,17.040728,2.840121,60.000000,60.402321,6,True
373.000000,-5485.300775,-5485.300775,0.000000,14.403375,20.369448,14.403375,20.369448,0.003065730,1.908023,32.470781,34.378804,5.729801,60.000000,60.815072,7,True
374.000000,-5251.130754,-5251.130754,0.000000,13.788488,19.499867,13.788488,19.499867,0.003065591,1.748513,31.084668,32.833181,5.472197,60.000000,60.792599,3,True
375.000000,-3516.731981,-3516.731981,-0.000000,9.234281,13.059245,9.234281,13.059245,0.003062141,0.783344,20.819018,21.602362,3.600394,60.000000,60.531297,6,True
376.000000,-1993.388648,-1993.388648,-0.000000,5.234266,7.402370,5.234266,7.402370,0.003059052,0.251432,11.801511,12.052943,2.008824,60.000000,60.300503,6,True
377.000000,-1121.269388,-1121.269388,0.000000,2.944244,4.163790,2.944244,4.163790,0.003057301,0.079507,6.638495,6.718002,1.119667,60.000000,60.168061,5,True
378.000000,-636.692861,-636.692861,0.000000,1.671836,2.364334,1.671836,2.364334,0.003056338,0.025628,3.769618,3.795246,0.632541,60.000000,60.094936,4,True
379.000000,-380.347615,-380.347615,0.000000,0.998722,1.412406,0.998722,1.412406,0.003055831,0.009144,2.251916,2.261060,0.376843,60.000000,60.056362,3,True
380.000000,-412.021543,-412.021543,0.000000,1.081892,1.530026,1.081892,1.530026,0.003055703,0.010730,2.439452,2.450182,0.408364,60.000000,60.059291,1,True
381.000000,-466.920017,-466.920017,0.000000,1.226045,1.733889,1.226045,1.733889,0.003055742,0.013780,2.764487,2.778267,0.463045,60.000000,60.066879,1,True
382.000000,-0.000000,-0.000000,0.000000,0.000000,0.000000,0.000000,0.000000,0.003055090,0.000000,0.000000,0.000000,0.000000,60.000000,60.002279,4,True
383.000000,-0.000000,-0.000000,0.000000,0.000000,0.000000,0.000000,0.000000,0.003054982,0.000000,0.000000,0.000000,0.000000,60.000000,60.000312,1,True
384.000000,-0.000000,-0.000000,0.000000,0.000000,0.000000,0.000000,0.000000,0.003054956,0.000000,0.000000,0.000000,0.000000,60.000000,60.000043,1,True
385.000000,-0.000000,-0.000000,0.000000,0.000000,0.000000,0.000000,0.000000,0.003054952,0.000000,0.000000,0.000000,0.000000,60.000000,60.000006,1,True
386.000000,-0.000000,-0.000000,0.000000,0.000000,0.000000,0.000000,0.000000,0.003054952,0.000000,0.000000,0.000000,0.000000,60.000000,60.000001,1,True
387.000000,0.000000,0.000000,0.000000,0.000000,0.000000,0.000000,0.000000,0.003054952,0.000000,0.000000,0.000000,0.000000,60.000000,60.000000,1,True
388.000000,0.000000,0.000000,0.000000,0.000000,0.000000,0.000000,0.000000,0.003054952,0.000000,0.000000,0.000000,0.000000,60.000000,60.000000,1,True
389.000000,0.000000,0.000000,0.000000,0.000000,0.000000,0.000000,0.000000,0.003054952,0.000000,0.000000,0.000000,0.000000,60.000000,60.000000,1,True
390.000000,0.000000,0.000000,0.000000,0.000000,0.000000,0.000000,0.000000,0.003054952,0.000000,0.000000,0.000000,0.000000,60.000000,60.000000,1,True
391.000000,0.000000,0.000000,0.000000,0.000000,0.000000,0.000000,0.000000,0.003054952,0.000000,0.000000,0.000000,0.000000,60.000000,60.000000,1,True
392.000000,109.583312,109.583312,0.000000,0.287745,0.406933,0.287745,0.406933,0.003055053,0.000759,0.648817,0.649576,0.108263,60.000000,60.015157,2,True
393.000000,821.153453,821.153453,0.000000,2.156195,3.049321,2.156195,3.049321,0.003056400,0.042629,4.861734,4.904363,0.817394,60.000000,60.114902,5,True
394.000000,2589.892732,2589.892732,0.000000,6.800574,9.617464,6.800574,9.617464,0.003059792,0.424526,15.332801,15.757327,2.626221,60.000000,60.371262,6,True
395.000000,5323.928023,5323.928023,0.000000,13.979640,19.770196,13.979640,19.770196,0.003065383,1.797206,31.515720,33.312927,5.552154,60.000000,60.789126,7,True
396.000000,8665.764207,8665.764207,0.000000,22.754677,32.179973,22.754677,32.179973,0.003072622,4.772784,51.291349,56.064133,9.344022,60.000000,61.333740,7,True
397.000000,12099.579021,12099.579021,0.000000,31.771233,44.931309,31.771233,44.931309,0.003080602,9.328782,71.605079,80.933861,13.488977,60.000000,61.932280,7,True
398.000000,13626.543312,13626.543312,-0.000000,35.780756,50.601630,35.780756,50.601630,0.003084478,11.846824,80.635884,92.482708,15.413785,60.000000,62.222139,6,True
399.000000,10323.619664,10323.619664,0.000000,27.107896,38.336354,27.107896,38.336354,0.003077198,6.783727,61.098806,67.882533,11.313755,60.000000,61.659233,7,True
400.000000,4335.957908,4335.957908,0.000000,11.385415,16.101408,11.385415,16.101408,0.003064194,1.191613,25.667857,26.859470,4.476578,60.000000,60.685857,8,True
401.000000,137.110174,137.110174,0.000000,0.360026,0.509153,0.360026,0.509153,0.003055703,0.001188,0.811787,0.812975,0.135496,60.000000,60.046388,7,True
402.000000,-1839.348463,-1839.348463,-0.000000,4.829785,6.830348,4.829785,6.830348,0.003058371,0.214026,10.889680,11.103706,1.850618,60.000000,60.263428,6,True
403.000000,-2850.827951,-2850.827951,0.000000,7.485741,10.586437,7.485741,10.586437,0.003060348,0.514472,16.877429,17.391901,2.898650,60.000000,60.414391,5,True
404.000000,-2442.474147,-2442.474147,0.000000,6.413481,9.070031,6.413481,9.070031,0.003059838,0.377579,14.460035,14.837613,2.472936,60.000000,60.359894,4,True
405.000000,-2095.146852,-2095.146852,0.000000,5.501464,7.780245,5.501464,7.780245,0.003059148,0.277765,12.403931,12.681697,2.113616,60.000000,60.308452,4,True
406.000000,-2214.582572,-2214.582572,0.000000,5.815080,8.223765,5.815080,8.223765,0.003059166,0.310338,13.111024,13.421363,2.236894,60.000000,60.324004,2,True
407.000000,-2181.633350,-2181.633350,0.000000,5.728561,8.101409,5.728561,8.101409,0.003059269,0.301183,12.915930,13.217113,2.202852,60.000000,60.319536,1,True
408.000000,-1525.494685,-1525.494685,0.000000,4.005664,5.664864,4.005664,5.664864,0.003058031,0.147201,9.031596,9.178798,1.529800,60.000000,60.225203,5,True
409.000000,-461.113817,-461.113817,0.000000,1.210799,1.712328,1.210799,1.712328,0.003056040,0.013441,2.730096,2.743536,0.457256,60.000000,60.072128,5,True
410.000000,569.421538,569.421538,0.000000,1.495195,2.114524,1.495195,2.114524,0.003055980,0.020496,3.371352,3.391848,0.565308,60.000000,60.082228,2,True
411.000000,1120.533975,1120.533975,0.000000,2.942313,4.161059,2.942313,4.161059,0.003056948,0.079394,6.634184,6.713578,1.118930,60.000000,60.159512,4,True
412.000000,1358.952225,1358.952225,0.000000,3.568355,5.046415,3.568355,5.046415,0.003057439,0.116793,8.045680,8.162472,1.360412,60.000000,60.195678,3,True
413.000000,1615.092668,1615.092668,0.000000,4.240931,5.997583,4.240931,5.997583,0.003057938,0.164996,9.562072,9.727067,1.621178,60.000000,60.233550,3,True
414.000000,2475.572206,2475.572206,0.000000,6.500390,9.192940,6.500390,9.192940,0.003059630,0.387855,14.656040,15.043894,2.507316,60.000000,60.358922,5,True
415.000000,4011.396779,4011.396779,-0.000000,10.533178,14.896163,10.533178,14.896163,0.003062716,1.019405,23.747177,24.766582,4.127764,60.000000,60.589788,6,True
416.000000,4804.004291,4804.004291,0.000000,12.614417,17.839480,12.614417,17.839480,0.003064404,1.462856,28.438473,29.901329,4.983555,60.000000,60.717139,5,True
417.000000,3562.870053,3562.870053,0.000000,9.355431,13.230577,9.355431,13.230577,0.003062159,0.804038,21.092148,21.896186,3.649364,60.000000,60.535079,6,True
418.000000,1254.387090,1254.387090,0.000000,3.293786,4.658117,3.293786,4.658117,0.003057616,0.099516,7.426577,7.526094,1.254349,60.000000,60.194667,7,True
419.000000,-687.874535,-687.874535,0.000000,1.806230,2.554395,1.806230,2.554395,0.003056410,0.029914,4.072640,4.102554,0.683759,60.000000,60.103750,5,True
420.000000,-1240.454679,-1240.454679,0.000000,3.257202,4.606379,3.257202,4.606379,0.003057196,0.097305,7.344147,7.441452,1.240242,60.000000,60.177684,4,True
421.000000,-533.416714,-533.416714,0.000000,1.400653,1.980822,1.400653,1.980822,0.003056099,0.017987,3.158173,3.176159,0.529360,60.000000,60.080017,5,True
422.000000,671.995440,671.995440,0.000000,1.764534,2.495429,1.764534,2.495429,0.003056128,0.028547,3.978646,4.007193,0.667865,60.000000,60.096595,2,True
423.000000,2218.166263,2218.166263,0.000000,5.824490,8.237073,5.824490,8.237073,0.003059084,0.311335,13.132261,13.443596,2.240599,60.000000,60.316990,6,True
424.000000,4613.561236,4613.561236,0.000000,12.114349,17.132277,12.114349,17.132277,0.003063924,1.348961,27.311340,28.660301,4.776717,60.000000,60.678861,7,True
425.000000,9160.811129,9160.811129,0.000000,24.054578,34.018310,24.054578,34.018310,0.003073699,5.335536,54.220384,59.555920,9.925987,60.000000,61.411636,8,True
426.000000,15982.968391,15982.968391,0.000000,41.968288,59.352122,41.968288,59.352122,0.003089969,16.327430,94.570636,110.898065,18.483011,60.000000,62.633466,8,True
427.000000,20924.585291,20924.585291,0.000000,54.944050,77.702621,54.944050,77.702621,0.003103324,28.105394,123.779670,151.885064,25.314177,60.000000,63.630020,8,True
428.000000,16786.106413,16786.106413,0.000000,44.077178,62.334543,44.077178,62.334543,0.003093195,18.028355,99.316893,117.345248,19.557541,60.000000,62.859073,8,True
429.000000,7075.879738,7075.879738,0.000000,18.579938,26.276000,18.579938,26.276000,0.003070405,3.179841,41.882770,45.062611,7.510435,60.000000,61.152431,9,True
430.000000,557.560503,557.560503,0.000000,1.464050,2.070479,1.464050,2.070479,0.003056707,0.019656,3.301083,3.320738,0.553456,60.000000,60.123725,8,True
431.000000,-1249.236634,-1249.236634,0.000000,3.280262,4.638991,3.280262,4.638991,0.003057298,0.098691,7.396127,7.494818,1.249136,60.000000,60.183602,4,True
432.000000,-1069.950309,-1069.950309,0.000000,2.809490,3.973218,2.809490,3.973218,0.003057123,0.072392,6.334680,6.407072,1.067845,60.000000,60.156083,3,True
433.000000,-0.750229,-0.750229,-0.000000,0.001970,0.002786,0.001970,0.002786,0.003055152,0.000000,0.004442,0.004442,0.000740,60.000000,60.005614,5,True
434.000000,238.801665,238.801665,0.000000,0.627049,0.886781,0.627049,0.886781,0.003055309,0.003604,1.413881,1.417485,0.236248,60.000000,60.033833,3,True
435.000000,-1626.866612,-1626.866612,-0.000000,4.271848,6.041305,4.271848,6.041305,0.003057932,0.167410,9.631780,9.799190,1.633198,60.000000,60.229771,6,True
436.000000,-4374.432807,-4374.432807,0.000000,11.486443,16.244283,11.486443,16.244283,0.003063393,1.212537,25.896002,27.108539,4.518090,60.000000,60.639734,7,True
437.000000,-6972.683544,-6972.683544,0.000000,18.308964,25.892785,18.308964,25.892785,0.003068937,3.086290,41.273057,44.359347,7.393224,60.000000,61.055533,7,True
438.000000,-8571.907658,-8571.907658,0.000000,22.508227,31.831440,22.508227,31.831440,0.003072539,4.669832,50.735904,55.405736,9.234289,60.000000,61.327508,6,True
439.000000,-8201.045657,-8201.045657,0.000000,21.534413,30.454259,21.534413,30.454259,0.003072062,4.273831,48.541250,52.815081,8.802513,60.000000,61.276953,4,True
440.000000,-6070.937638,-6070.937638,0.000000,15.941148,22.544187,15.941148,22.544187,0.003067515,2.338553,35.936336,38.274889,6.379148,60.000000,60.937174,7,True
441.000000,-3108.684802,-3108.684802,0.000000,8.162825,11.543978,8.162825,11.543978,0.003061408,0.611961,18.403631,19.015591,3.169265,60.000000,60.477264,7,True
442.000000,-0.000000,-0.000000,0.000000,0.000000,0.000000,0.000000,0.000000,0.003055291,0.000000,0.000000,0.000000,0.000000,60.000000,60.018274,7,True
443.000000,-0.000000,-0.000000,0.000000,0.000000,0.000000,0.000000,0.000000,0.003055090,0.000000,0.000000,0.000000,0.000000,60.000000,60.002504,2,True
444.000000,-0.000000,-0.000000,0.000000,0.000000,0.000000,0.000000,0.000000,0.003054985,0.000000,0.000000,0.000000,0.000000,60.000000,60.000343,1,True
445.000000,0.000000,0.000000,0.000000,0.000000,0.000000,0.000000,0.000000,0.003054956,0.000000,0.000000,0.000000,0.000000,60.000000,60.000047,1,True
446.000000,0.000000,0.000000,0.000000,0.000000,0.000000,0.000000,0.000000,0.003054952,0.000000,0.000000,0.000000,0.000000,60.000000,60.000006,1,True
447.000000,0.000000,0.000000,0.000000,0.000000,0.000000,0.000000,0.000000,0.003054952,0.000000,0.000000,0.000000,0.000000,60.000000,60.000001,1,True
448.000000,0.000000,0.000000,0.000000,0.000000,0.000000,0.000000,0.000000,0.003054952,0.000000,0.000000,0.000000,0.000000,60.000000,60.000000,1,True
449.000000,0.000000,0.000000,0.000000,0.000000,0.000000,0.000000,0.000000,0.003054952,0.000000,0.000000,0.000000,0.000000,60.000000,60.000000,1,True
450.000000,0.000000,0.000000,0.000000,0.000000,0.000000,0.000000,0.000000,0.003054952,0.000000,0.000000,0.000000,0.000000,60.000000,60.000000,1,True
451.000000,0.000000,0.000000,0.000000,0.000000,0.000000,0.000000,0.000000,0.003054952,0.000000,0.000000,0.000000,0.000000,60.000000,60.000000,1,True
452.000000,0.000000,0.000000,0.000000,0.000000,0.000000,0.000000,0.000000,0.003054952,0.000000,0.000000,0.000000,0.000000,60.000000,60.000000,1,True
453.000000,0.000000,0.000000,0.000000,0.000000,0.000000,0.000000,0.000000,0.003054952,0.000000,0.000000,0.000000,0.000000,60.000000,60.000000,1,True
454.000000,0.000000,0.000000,0.000000,0.000000,0.000000,0.000000,0.000000,0.003054952,0.000000,0.000000,0.000000,0.000000,60.000000,60.000000,1,True
455.000000,0.000000,0.000000,0.000000,0.000000,0.000000,0.000000,0.000000,0.003054952,0.000000,0.000000,0.000000,0.000000,60.000000,60.000000,1,True
456.000000,0.000000,0.000000,0.000000,0.000000,0.000000,0.000000,0.000000,0.003054952,0.000000,0.000000,0.000000,0.000000,60.000000,60.000000,1,True
457.000000,0.000000,0.000000,0.000000,0.000000,0.000000,0.000000,0.000000,0.003054952,0.000000,0.000000,0.000000,0.000000,60.000000,60.000000,1,True
458.000000,0.000000,0.000000,0.000000,0.000000,0.000000,0.000000,0.000000,0.003054952,0.000000,0.000000,0.000000,0.000000,60.000000,60.000000,1,True
459.000000,0.000000,0.000000,0.000000,0.000000,0.000000,0.000000,0.000000,0.003054952,0.000000,0.000000,0.000000,0.000000,60.000000,60.000000,1,True
460.000000,0.000000,0.000000,0.000000,0.000000,0.000000,0.000000,0.000000,0.003054952,0.000000,0.000000,0.000000,0.000000,60.000000,60.000000,1,True
461.000000,0.000000,0.000000,0.000000,0.000000,0.000000,0.000000,0.000000,0.003054952,0.000000,0.000000,0.000000,0.000000,60.000000,60.000000,1,True
462.000000,0.000000,0.000000,0.000000,0.000000,0.000000,0.000000,0.000000,0.003054952,0.000000,0.000000,0.000000,0.000000,60.000000,60.000000,1,True
463.000000,0.000000,0.000000,0.000000,0.000000,0.000000,0.000000,0.000000,0.003054952,0.000000,0.000000,0.000000,0.000000,60.000000,60.000000,1,True
464.000000,0.000000,0.000000,0.000000,0.000000,0.000000,0.000000,0.000000,0.003054952,0.000000,0.000000,0.000000,0.000000,60.000000,60.000000,1,True
465.000000,0.000000,0.000000,0.000000,0.000000,0.000000,0.000000,0.000000,0.003054952,0.000000,0.000000,0.000000,0.000000,60.000000,60.000000,1,True
466.000000,0.000000,0.000000,0.000000,0.000000,0.000000,0.000000,0.000000,0.003054952,0.000000,0.000000,0.000000,0.000000,60.000000,60.000000,1,True
467.000000,0.000000,0.000000,0.000000,0.000000,0.000000,0.000000,0.000000,0.003054952,0.000000,0.000000,0.000000,0.000000,60.000000,60.000000,1,True
468.000000,0.000000,0.000000,0.000000,0.000000,0.000000,0.000000,0.000000,0.003054952,0.000000,0.000000,0.000000,0.000000,60.000000,60.000000,1,True
469.000000,0.000000,0.000000,0.000000,0.000000,0.000000,0.000000,0.000000,0.003054952,0.000000,0.000000,0.000000,0.000000,60.000000,60.000000,1,True
470.000000,0.000000,0.000000,0.000000,0.000000,0.000000,0.000000,0.000000,0.003054952,0.000000,0.000000,0.000000,0.000000,60.000000,60.000000,1,True
471.000000,0.000000,0.000000,0.000000,0.000000,0.000000,0.000000,0.000000,0.003054952,0.000000,0.000000,0.000000,0.000000,60.000000,60.000000,1,True
472.000000,0.000000,0.000000,0.000000,0.000000,0.000000,0.000000,0.000000,0.003054952,0.000000,0.000000,0.000000,0.000000,60.000000,60.000000,1,True
473.000000,0.000000,0.000000,0.000000,0.000000,0.000000,0.000000,0.000000,0.003054952,0.000000,0.000000,0.000000,0.000000,60.000000,60.000000,1,True
474.000000,0.000000,0.000000,0.000000,0.000000,0.000000,0.000000,0.000000,0.003054952,0.000000,0.000000,0.000000,0.000000,60.000000,60.000000,1,True
475.000000,0.000000,0.000000,0.000000,0.000000,0.000000,0.000000,0.000000,0.003054952,0.000000,0.000000,0.000000,0.000000,60.000000,60.000000,1,True
476.000000,0.000000,0.000000,0.000000,0.000000,0.000000,0.000000,0.000000,0.003054952,0.000000,0.000000,0.000000,0.000000,60.000000,60.000000,1,True
477.000000,0.000000,0.000000,0.000000,0.000000,0.000000,0.000000,0.000000,0.003054952,0.000000,0.000000,0.000000,0.000000,60.000000,60.000000,1,True
478.000000,0.000000,0.000000,0.000000,0.000000,0.000000,0.000000,0.000000,0.003054952,0.000000,0.000000,0.000000,0.000000,60.000000,60.000000,1,True
479.000000,0.000000,0.000000,0.000000,0.000000,0.000000,0.000000,0.000000,0.003054952,0.000000,0.000000,0.000000,0.000000,60.000000,60.000000,1,True
480.000000,0.000000,0.000000,0.000000,0.000000,0.000000,0.000000,0.000000,0.003054952,0.000000,0.000000,0.000000,0.000000,60.000000,60.000000,1,True
481.000000,0.000000,0.000000,0.000000,0.000000,0.000000,0.000000,0.000000,0.003054952,0.000000,0.000000,0.000000,0.000000,60.000000,60.000000,1,True
482.000000,0.000000,0.000000,0.000000,0.000000,0.000000,0.000000,0.000000,0.003054952,0.000000,0.000000,0.000000,0.000000,60.000000,60.000000,1,True
483.000000,0.000000,0.000000,0.000000,0.000000,0.000000,0.000000,0.000000,0.003054952,0.000000,0.000000,0.000000,0.000000,60.000000,60.000000,1,True
484.000000,0.000000,0.000000,0.000000,0.000000,0.000000,0.000000,0.000000,0.003054952,0.000000,0.000000,0.000000,0.000000,60.000000,60.000000,1,True
485.000000,0.000000,0.000000,0.000000,0.000000,0.000000,0.000000,0.000000,0.003054952,0.000000,0.000000,0.000000,0.000000,60.000000,60.000000,1,True
486.000000,0.000000,0.000000,0.000000,0.000000,0.000000,0.000000,0.000000,0.003054952,0.000000,0.000000,0.000000,0.000000,60.000000,60.000000,1,True
487.000000,0.000000,0.000000,0.000000,0.000000,0.000000,0.000000,0.000000,0.003054952,0.000000,0.000000,0.000000,0.000000,60.000000,60.000000,1,True
488.000000,0.000000,0.000000,0.000000,0.000000,0.000000,0.000000,0.000000,0.003054952,0.000000,0.000000,0.000000,0.000000,60.000000,60.000000,1,True
489.000000,0.000000,0.000000,0.000000,0.000000,0.000000,0.000000,0.000000,0.003054952,0.000000,0.000000,0.000000,0.000000,60.000000,60.000000,1,True
490.000000,0.000000,0.000000,0.000000,0.000000,0.000000,0.000000,0.000000,0.003054952,0.000000,0.000000,0.000000,0.000000,60.000000,60.000000,1,True
491.000000,0.000000,0.000000,0.000000,0.000000,0.000000,0.000000,0.000000,0.003054952,0.000000,0.000000,0.000000,0.000000,60.000000,60.000000,1,True
492.000000,0.000000,0.000000,0.000000,0.000000,0.000000,0.000000,0.000000,0.003054952,0.000000,0.000000,0.000000,0.000000,60.000000,60.000000,1,True
493.000000,0.000000,0.000000,0.000000,0.000000,0.000000,0.000000,0.000000,0.003054952,0.000000,0.000000,0.000000,0.000000,60.000000,60.000000,1,True
494.000000,0.000000,0.000000,0.000000,0.000000,0.000000,0.000000,0.000000,0.003054952,0.000000,0.000000,0.000000,0.000000,60.000000,60.000000,1,True
495.000000,0.000000,0.000000,0.000000,0.000000,0.000000,0.000000,0.000000,0.003054952,0.000000,0.000000,0.000000,0.000000,60.000000,60.000000,1,True
496.000000,0.000000,0.000000,0.000000,0.000000,0.000000,0.000000,0.000000,0.003054952,0.000000,0.000000,0.000000,0.000000,60.000000,60.000000,1,True
497.000000,0.000000,0.000000,0.000000,0.000000,0.000000,0.000000,0.000000,0.003054952,0.000000,0.000000,0.000000,0.000000,60.000000,60.000000,1,True
498.000000,0.000000,0.000000,0.000000,0.000000,0.000000,0.000000,0.000000,0.003054952,0.000000,0.000000,0.000000,0.000000,60.000000,60.000000,1,True
499.000000,0.000000,0.000000,0.000000,0.000000,0.000000,0.000000,0.000000,0.003054952,0.000000,0.000000,0.000000,0.000000,60.000000,60.000000,1,True
500.000000,0.000000,0.000000,0.000000,0.000000,0.000000,0.000000,0.000000,0.003054952,0.000000,0.000000,0.000000,0.000000,60.000000,60.000000,1,True
501.000000,0.000000,0.000000,0.000000,0.000000,0.000000,0.000000,0.000000,0.003054952,0.000000,0.000000,0.000000,0.000000,60.000000,60.000000,1,True
502.000000,0.000000,0.000000,0.000000,0.000000,0.000000,0.000000,0.000000,0.003054952,0.000000,0.000000,0.000000,0.000000,60.000000,60.000000,1,True
503.000000,0.000000,0.000000,0.000000,0.000000,0.000000,0.000000,0.000000,0.003054952,0.000000,0.000000,0.000000,0.000000,60.000000,60.000000,1,True
504.000000,0.000000,0.000000,0.000000,0.000000,0.000000,0.000000,0.000000,0.003054952,0.000000,0.000000,0.000000,0.000000,60.000000,60.000000,1,True
505.000000,0.000000,0.000000,0.000000,0.000000,0.000000,0.000000,0.000000,0.003054952,0.000000,0.000000,0.000000,0.000000,60.000000,60.000000,1,True
506.000000,0.000000,0.000000,0.000000,0.000000,0.000000,0.000000,0.000000,0.003054952,0.000000,0.000000,0.000000,0.000000,60.000000,60.000000,1,True
507.000000,0.000000,0.000000,0.000000,0.000000,0.000000,0.000000,0.000000,0.003054952,0.000000,0.000000,0.000000,0.000000,60.000000,60.000000,1,True
508.000000,0.000000,0.000000,0.000000,0.000000,0.000000,0.000000,0.000000,0.003054952,0.000000,0.000000,0.000000,0.000000,60.000000,60.000000,1,True
509.000000,0.000000,0.000000,0.000000,0.000000,0.000000,0.000000,0.000000,0.003054952,0.000000,0.000000,0.000000,0.000000,60.000000,60.000000,1,True
510.000000,0.000000,0.000000,0.000000,0.000000,0.000000,0.000000,0.000000,0.003054952,0.000000,0.000000,0.000000,0.000000,60.000000,60.000000,1,True
511.000000,0.000000,0.000000,0.000000,0.000000,0.000000,0.000000,0.000000,0.003054952,0.000000,0.000000,0.000000,0.000000,60.000000,60.000000,1,True
512.000000,125.204025,125.204025,-0.000000,0.328762,0.464940,0.328762,0.464940,0.003055067,0.000991,0.741303,0.742294,0.123716,60.000000,60.017320,2,True
513.000000,1329.063944,1329.063944,0.000000,3.489874,4.935426,3.489874,4.935426,0.003057369,0.111709,7.868736,7.980445,1.330074,60.000000,60.186744,6,True
514.000000,5160.110169,5160.110169,0.000000,13.549485,19.161865,13.549485,19.161865,0.003064935,1.688061,30.546230,32.234291,5.372382,60.000000,60.757946,7,True
515.000000,10063.520310,10063.520310,0.000000,26.424923,37.370485,26.424923,37.370485,0.003075726,6.443122,59.561058,66.004180,11.000697,60.000000,61.564076,8,True
516.000000,12377.406910,12377.406910,0.000000,32.500757,45.963011,32.500757,45.963011,0.003081379,9.764574,73.248214,83.012788,13.835465,60.000000,61.987718,7,True
517.000000,9360.412004,9360.412004,0.000000,24.578692,34.759520,24.578692,34.759520,0.003074917,5.572784,55.400527,60.973311,10.162219,60.000000,61.489364,7,True
518.000000,3680.609881,3680.609881,0.000000,9.664594,13.667799,9.664594,13.667799,0.003062795,0.858235,21.788911,22.647146,3.774524,60.000000,60.581415,8,True
519.000000,259.673671,259.673671,0.000000,0.681855,0.964288,0.681855,0.964288,0.003055853,0.004262,1.537443,1.541706,0.256951,60.000000,60.059519,7,True
520.000000,-872.063202,-872.063202,0.000000,2.289875,3.238372,2.289875,3.238372,0.003056519,0.048081,5.163139,5.211220,0.868537,60.000000,60.125930,4,True
521.000000,-1323.514213,-1323.514213,0.000000,3.475301,4.914818,3.475301,4.914818,0.003057374,0.110778,7.835878,7.946656,1.324443,60.000000,60.189764,4,True
522.000000,-1625.262128,-1625.262128,0.000000,4.267635,6.035347,4.267635,6.035347,0.003058004,0.167084,9.622268,9.789351,1.631559,60.000000,60.234728,4,True
523.000000,-2539.036960,-2539.036960,0.000000,6.667036,9.428613,6.667036,9.428613,0.003059747,0.408011,15.031735,15.439747,2.573291,60.000000,60.368165,5,True
524.000000,-3857.632576,-3857.632576,0.000000,10.129422,14.325166,10.129422,14.325166,0.003062426,0.942662,22.837026,23.779688,3.963281,60.000000,60.567046,6,True
525.000000,-4112.542017,-4112.542017,0.000000,10.798767,15.271762,10.798767,15.271762,0.003063031,1.071571,24.345808,25.417379,4.236230,60.000000,60.611843,4,True
526.000000,-2629.422224,-2629.422224,0.000000,6.904371,9.764256,6.904371,9.764256,0.003060296,0.437656,15.566681,16.004337,2.667390,60.000000,60.394286,6,True
527.000000,-0.000000,-0.000000,0.000000,0.000000,0.000000,0.000000,0.000000,0.003055222,0.000000,0.000000,0.000000,0.000000,60.000000,60.014366,7,True
528.000000,-0.000000,-0.000000,0.000000,0.000000,0.000000,0.000000,0.000000,0.003055061,0.000000,0.000000,0.000000,0.000000,60.000000,60.001968,2,True
529.000000,-0.000000,-0.000000,0.000000,0.000000,0.000000,0.000000,0.000000,0.003054978,0.000000,0.000000,0.000000,0.000000,60.000000,60.000270,1,True
530.000000,-0.000000,-0.000000,0.000000,0.000000,0.000000,0.000000,0.000000,0.003054955,0.000000,0.000000,0.000000,0.000000,60.000000,60.000037,1,True
531.000000,0.000000,0.000000,0.000000,0.000000,0.000000,0.000000,0.000000,0.003054952,0.000000,0.000000,0.000000,0.000000,60.000000,60.000005,1,True
532.000000,0.000000,0.000000,0.000000,0.000000,0.000000,0.000000,0.000000,0.003054952,0.000000,0.000000,0.000000,0.000000,60.000000,60.000001,1,True
533.000000,29.774370,29.774370,0.000000,0.078182,0.110566,0.078182,0.110566,0.003054952,0.000056,0.176287,0.176343,0.029391,60.000000,60.004115,1,True
534.000000,347.362436,347.362436,0.000000,0.912109,1.289917,0.912109,1.289917,0.003055522,0.007626,2.056633,2.064259,0.344043,60.000000,60.048293,4,True
535.000000,1176.440978,1176.440978,0.000000,3.089114,4.368667,3.089114,4.368667,0.003057066,0.087517,6.965169,7.052686,1.175448,60.000000,60.166065,5,True
536.000000,2318.505788,2318.505788,0.000000,6.087963,8.609680,6.087963,8.609680,0.003059326,0.340166,13.726242,14.066408,2.344401,60.000000,60.333494,6,True
537.000000,5451.818314,5451.818314,0.000000,14.315456,20.245112,14.315456,20.245112,0.003065621,1.884734,32.272643,34.157377,5.692896,60.000000,60.807845,7,True
538.000000,11495.949160,11495.949160,0.000000,30.186214,42.689753,30.186214,42.689753,0.003078988,8.416791,68.034826,76.451617,12.741936,60.000000,61.809921,8,True
539.000000,15916.563139,15916.563139,-0.000000,41.793920,59.105528,41.793920,59.105528,0.003090016,16.192285,94.177637,110.369922,18.394987,60.000000,62.633848,8,True
540.000000,11649.604979,11649.604979,0.000000,30.589685,43.260348,30.589685,43.260348,0.003080344,8.647100,68.942468,77.589568,12.931595,60.000000,61.897819,8,True
541.000000,4139.591029,4139.591029,0.000000,10.869792,15.372208,10.869792,15.372208,0.003063942,1.086036,24.505525,25.591561,4.265260,60.000000,60.664910,8,True
542.000000,1077.931217,1077.931217,0.000000,2.830446,4.002855,2.830446,4.002855,0.003057429,0.073483,6.381895,6.455378,1.075896,60.000000,60.178315,7,True
543.000000,-160.944672,-160.944672,0.000000,0.422611,0.597662,0.422611,0.597662,0.003055484,0.001637,0.952908,0.954545,0.159091,60.000000,60.030709,5,True
544.000000,-1409.388826,-1409.388826,0.000000,3.700792,5.233710,3.700792,5.233710,0.003057539,0.125627,8.344274,8.469901,1.411650,60.000000,60.199473,6,True
545.000000,-2947.800680,-2947.800680,0.000000,7.740374,10.946541,7.740374,10.946541,0.003060539,0.550102,17.451465,18.001566,3.000261,60.000000,60.426380,6,True
546.000000,-2955.813982,-2955.813982,0.000000,7.761415,10.976298,7.761415,10.976298,0.003060634,0.553114,17.498874,18.051988,3.008665,60.000000,60.435028,1,True
547.000000,-1924.408742,-1924.408742,0.000000,5.053138,7.146216,5.053138,7.146216,0.003058889,0.234319,11.393162,11.627481,1.937913,60.000000,60.286183,5,True
548.000000,-1213.361400,-1213.361400,0.000000,3.186060,4.505770,3.186060,4.505770,0.003057441,0.093108,7.183709,7.276817,1.212803,60.000000,60.180192,5,True
549.000000,-838.321080,-838.321080,0.000000,2.201274,3.113072,2.201274,3.113072,0.003056692,0.044435,4.963350,5.007785,0.834631,60.000000,60.123506,4,True
550.000000,-645.810270,-645.810270,0.000000,1.695777,2.398191,1.695777,2.398191,0.003056306,0.026367,3.823601,3.849968,0.641661,60.000000,60.094346,3,True
551.000000,-264.123064,-264.123064,0.000000,0.693538,0.980811,0.693538,0.980811,0.003055575,0.004409,1.563795,1.568204,0.261367,60.000000,60.039979,4,True
552.000000,-188.871812,-188.871812,0.000000,0.495942,0.701368,0.495942,0.701368,0.003055403,0.002255,1.118258,1.120512,0.186752,60.000000,60.027737,2,True
553.000000,-182.003477,-182.003477,0.000000,0.477907,0.675863,0.477907,0.675863,0.003055321,0.002093,1.077594,1.079687,0.179948,60.000000,60.026217,1,True
554.000000,127.714591,127.714591,-0.000000,0.335355,0.474263,0.335355,0.474263,0.003055301,0.001031,0.756164,0.757195,0.126199,60.000000,60.018585,1,True
555.000000,534.541603,534.541603,0.000000,1.403606,1.984999,1.403606,1.984999,0.003055856,0.018061,3.164847,3.182908,0.530485,60.000000,60.074938,4,True
556.000000,943.804287,943.804287,-0.000000,2.478254,3.504780,2.478254,3.504780,0.003056640,0.056319,5.587878,5.644197,0.940699,60.000000,60.134079,4,True
557.000000,1478.125256,1478.125256,0.000000,3.881281,5.488960,3.881281,5.488960,0.003057644,0.138184,8.751211,8.889395,1.481566,60.000000,60.211804,4,True
558.000000,2074.001180,2074.001180,0.000000,5.445939,7.701721,5.445939,7.701721,0.003058874,0.272163,12.278804,12.550967,2.091828,60.000000,60.299850,5,True
559.000000,3880.096095,3880.096095,0.000000,10.188407,14.408584,10.188407,14.408584,0.003062413,0.953669,22.970015,23.923684,3.987281,60.000000,60.568204,6,True
560.000000,4165.159247,4165.159247,0.000000,10.936930,15.467154,10.936930,15.467154,0.003063123,1.099200,24.657255,25.756455,4.292742,60.000000,60.619557,4,True
561.000000,1637.975739,1637.975739,0.000000,4.301018,6.082558,4.301018,6.082558,0.003058377,0.169729,9.697471,9.867200,1.644533,60.000000,60.251302,7,True
562.000000,974.095423,974.095423,0.000000,2.557793,3.617265,2.557793,3.617265,0.003056984,0.059999,5.767182,5.827181,0.971197,60.000000,60.145950,5,True
563.000000,-708.862670,-708.862670,0.000000,1.861341,2.632334,1.861341,2.632334,0.003056410,0.031768,4.196902,4.228670,0.704778,60.000000,60.104227,4,True
564.000000,-4574.161344,-4574.161344,0.000000,12.010893,16.985967,12.010893,16.985967,0.003063719,1.325930,27.078203,28.404133,4.734022,60.000000,60.666566,7,True
565.000000,-4804.811093,-4804.811093,0.000000,12.616536,17.842476,12.616536,17.842476,0.003064445,1.463367,28.443227,29.906595,4.984432,60.000000,60.718769,4,True
566.000000,-0.000000,-0.000000,0.000000,0.000000,0.000000,0.000000,0.000000,0.003055349,0.000000,0.000000,0.000000,0.000000,60.000000,60.024378,8,True
567.000000,-0.000000,-0.000000,0.000000,0.000000,0.000000,0.000000,0.000000,0.003055066,0.000000,0.000000,0.000000,0.000000,60.000000,60.003340,3,True
568.000000,0.000000,0.000000,0.000000,0.000000,0.000000,0.000000,0.000000,0.003054996,0.000000,0.000000,0.000000,0.000000,60.000000,60.000458,1,True
569.000000,0.000000,0.000000,0.000000,0.000000,0.000000,0.000000,0.000000,0.003054958,0.000000,0.000000,0.000000,0.000000,60.000000,60.000063,1,True
570.000000,0.000000,0.000000,0.000000,0.000000,0.000000,0.000000,0.000000,0.003054953,0.000000,0.000000,0.000000,0.000000,60.000000,60.000009,1,True
571.000000,0.000000,0.000000,0.000000,0.000000,0.000000,0.000000,0.000000,0.003054952,0.000000,0.000000,0.000000,0.000000,60.000000,60.000001,1,True
572.000000,0.000000,0.000000,0.000000,0.000000,0.000000,0.000000,0.000000,0.003054952,0.000000,0.000000,0.000000,0.000000,60.000000,60.000000,1,True
573.000000,0.000000,0.000000,0.000000,0.000000,0.000000,0.000000,0.000000,0.003054952,0.000000,0.000000,0.000000,0.000000,60.000000,60.000000,1,True
574.000000,0.000000,0.000000,0.000000,0.000000,0.000000,0.000000,0.000000,0.003054952,0.000000,0.000000,0.000000,0.000000,60.000000,60.000000,1,True
575.000000,0.000000,0.000000,0.000000,0.000000,0.000000,0.000000,0.000000,0.003054952,0.000000,0.000000,0.000000,0.000000,60.000000,60.000000,1,True
576.000000,0.000000,0.000000,0.000000,0.000000,0.000000,0.000000,0.000000,0.003054952,0.000000,0.000000,0.000000,0.000000,60.000000,60.000000,1,True
577.000000,0.000000,0.000000,0.000000,0.000000,0.000000,0.000000,0.000000,0.003054952,0.000000,0.000000,0.000000,0.000000,60.000000,60.000000,1,True
578.000000,0.000000,0.000000,0.000000,0.000000,0.000000,0.000000,0.000000,0.003054952,0.000000,0.000000,0.000000,0.000000,60.000000,60.000000,1,True
579.000000,0.000000,0.000000,0.000000,0.000000,0.000000,0.000000,0.000000,0.003054952,0.000000,0.000000,0.000000,0.000000,60.000000,60.000000,1,True
580.000000,0.000000,0.000000,0.000000,0.000000,0.000000,0.000000,0.000000,0.003054952,0.000000,0.000000,0.000000,0.000000,60.000000,60.000000,1,True
581.000000,0.000000,0.000000,0.000000,0.000000,0.000000,0.000000,0.000000,0.003054952,0.000000,0.000000,0.000000,0.000000,60.000000,60.000000,1,True
582.000000,0.000000,0.000000,0.000000,0.000000,0.000000,0.000000,0.000000,0.003054952,0.000000,0.000000,0.000000,0.000000,60.000000,60.000000,1,True
583.000000,0.000000,0.000000,0.000000,0.000000,0.000000,0.000000,0.000000,0.003054952,0.000000,0.000000,0.000000,0.000000,60.000000,60.000000,1,True
584.000000,0.000000,0.000000,0.000000,0.000000,0.000000,0.000000,0.000000,0.003054952,0.000000,0.000000,0.000000,0.000000,60.000000,60.000000,1,True
585.000000,0.000000,0.000000,0.000000,0.000000,0.000000,0.000000,0.000000,0.003054952,0.000000,0.000000,0.000000,0.000000,60.000000,60.000000,1,True
586.000000,0.000000,0.000000,0.000000,0.000000,0.000000,0.000000,0.000000,0.003054952,0.000000,0.000000,0.000000,0.000000,60.000000,60.000000,1,True
587.000000,0.000000,0.000000,0.000000,0.000000,0.000000,0.000000,0.000000,0.003054952,0.000000,0.000000,0.000000,0.000000,60.000000,60.000000,1,True
588.000000,0.000000,0.000000,0.000000,0.000000,0.000000,0.000000,0.000000,0.003054952,0.000000,0.000000,0.000000,0.000000,60.000000,60.000000,1,True
589.000000,0.000000,0.000000,0.000000,0.000000,0.000000,0.000000,0.000000,0.003054952,0.000000,0.000000,0.000000,0.000000,60.000000,60.000000,1,True
590.000000,0.000000,0.000000,0.000000,0.000000,0.000000,0.000000,0.000000,0.003054952,0.000000,0.000000,0.000000,0.000000,60.000000,60.000000,1,True
591.000000,0.000000,0.000000,0.000000,0.000000,0.000000,0.000000,0.000000,0.003054952,0.000000,0.000000,0.000000,0.000000,60.000000,60.000000,1,True
592.000000,0.000000,0.000000,0.000000,0.000000,0.000000,0.000000,0.000000,0.003054952,0.000000,0.000000,0.000000,0.000000,60.000000,60.000000,1,True
593.000000,0.000000,0.000000,0.000000,0.000000,0.000000,0.000000,0.000000,0.003054952,0.000000,0.000000,0.000000,0.000000,60.000000,60.000000,1,True
594.000000,0.000000,0.000000,0.000000,0.000000,0.000000,0.000000,0.000000,0.003054952,0.000000,0.000000,0.000000,0.000000,60.000000,60.000000,1,True
595.000000,0.000000,0.000000,0.000000,0.000000,0.000000,0.000000,0.000000,0.003054952,0.000000,0.000000,0.000000,0.000000,60.000000,60.000000,1,True
596.000000,0.000000,0.000000,0.000000,0.000000,0.000000,0.000000,0.000000,0.003054952,0.000000,0.000000,0.000000,0.000000,60.000000,60.000000,1,True
597.000000,0.000000,0.000000,0.000000,0.000000,0.000000,0.000000,0.000000,0.003054952,0.000000,0.000000,0.000000,0.000000,60.000000,60.000000,1,True
598.000000,0.000000,0.000000,0.000000,0.000000,0.000000,0.000000,0.000000,0.003054952,0.000000,0.000000,0.000000,0.000000,60.000000,60.000000,1,True
599.000000,0.000000,0.000000,0.000000,0.000000,0.000000,0.000000,0.000000,0.003054952,0.000000,0.000000,0.000000,0.000000,60.000000,60.000000,1,True
600.000000,0.000000,0.000000,0.000000,0.000000,0.000000,0.000000,0.000000,0.003054952,0.000000,0.000000,0.000000,0.000000,60.000000,60.000000,1,True
601.000000,219.172210,219.172210,0.000000,0.575505,0.813887,0.575505,0.813887,0.003055255,0.003036,1.297662,1.300697,0.216783,60.000000,60.030350,3,True
602.000000,739.144708,739.144708,0.000000,1.940856,2.744785,1.940856,2.744785,0.003056213,0.034538,4.376207,4.410744,0.735124,60.000000,60.103853,4,True
603.000000,2889.810428,2889.810428,0.000000,7.588102,10.731197,7.588102,10.731197,0.003060350,0.528638,17.108212,17.636851,2.939475,60.000000,60.414827,6,True
604.000000,7188.431822,7188.431822,0.000000,18.875478,26.693958,18.875478,26.693958,0.003069314,3.280639,42.549830,45.830469,7.638411,60.000000,61.082514,8,True
605.000000,12671.472799,12671.472799,0.000000,33.272919,47.055014,33.272919,47.055014,0.003081844,10.235611,74.987824,85.223435,14.203906,60.000000,62.023306,8,True
606.000000,18624.621898,18624.621898,0.000000,48.904776,69.161798,48.904776,69.161798,0.003096960,22.220787,110.187064,132.407851,22.067975,60.000000,63.155568,8,True
607.000000,22840.310866,22840.310866,0.000000,59.974387,84.816592,59.974387,84.816592,0.003108816,33.546558,135.098567,168.645125,28.107521,60.000000,64.039325,8,True
608.000000,24047.386424,24047.386424,0.000000,63.143942,89.299019,63.143942,89.299019,0.003112590,37.231160,142.228484,179.459644,29.909941,60.000000,64.322961,6,True
609.000000,24792.447181,24792.447181,0.000000,65.100332,92.065773,65.100332,92.065773,0.003114918,39.603561,146.628900,186.232461,31.038743,60.000000,64.493058,6,True
610.000000,27121.145947,27121.145947,0.000000,71.215060,100.713304,71.215060,100.713304,0.003121740,47.496500,160.381384,207.877885,34.646314,60.000000,65.004642,7,True
611.000000,28418.747394,28418.747394,0.000000,74.622319,105.531896,74.622319,105.531896,0.003125815,52.218218,168.042236,220.260454,36.710076,60.000000,65.310029,6,True
612.000000,22872.493737,22872.493737,0.000000,60.058893,84.936102,60.058893,84.936102,0.003110167,33.655780,135.285576,168.941356,28.156893,60.000000,64.123744,8,True
613.000000,12179.363222,12179.363222,0.000000,31.980731,45.227584,31.980731,45.227584,0.003082393,9.457710,72.074870,81.532579,13.588763,60.000000,62.048828,9,True
614.000000,4306.649108,4306.649108,0.000000,11.308456,15.992571,11.308456,15.992571,0.003064365,1.175624,25.494276,26.669900,4.444983,60.000000,60.700990,9,True
615.000000,2387.928947,2387.928947,0.000000,6.270255,8.867480,6.270255,8.867480,0.003059928,0.360913,14.137091,14.498004,2.416334,60.000000,60.368248,7,True
616.000000,2379.512336,2379.512336,0.000000,6.248155,8.836225,6.248155,8.836225,0.003059748,0.358352,14.087309,14.445662,2.407610,60.000000,60.351597,2,True
617.000000,1233.366361,1233.366361,0.000000,3.238590,4.580057,3.238590,4.580057,0.003057486,0.096205,7.302142,7.398347,1.233058,60.000000,60.185008,6,True
618.000000,-635.055951,-635.055951,0.000000,1.667538,2.358255,1.667538,2.358255,0.003056297,0.025496,3.759929,3.785425,0.630904,60.000000,60.095343,5,True
619.000000,-2224.256257,-2224.256257,0.000000,5.840481,8.259688,5.840481,8.259688,0.003059100,0.313049,13.168311,13.481360,2.246893,60.000000,60.318249,6,True
620.000000,-2635.558261,-2635.558261,0.000000,6.920483,9.787041,6.920483,9.787041,0.003059965,0.439654,15.603103,16.042756,2.673793,60.000000,60.384531,4,True
621.000000,-1300.234575,-1300.234575,0.000000,3.414173,4.828370,3.414173,4.828370,0.003057630,0.106924,7.698015,7.804939,1.300823,60.000000,60.195050,6,True
622.000000,1019.767133,1019.767133,0.000000,2.677718,3.786865,2.677718,3.786865,0.003057023,0.065758,6.037580,6.103338,1.017223,60.000000,60.149796,4,True
623.000000,3436.535347,3436.535347,-0.000000,9.023700,12.761438,9.023700,12.761438,0.003061510,0.747870,20.344491,21.092361,3.515393,60.000000,60.497556,7,True
624.000000,5890.862537,5890.862537,0.000000,15.468304,21.875485,15.468304,21.875485,0.003066615,2.201232,34.870977,37.072209,6.178701,60.000000,60.880927,7,True
625.000000,7397.336362,7397.336362,0.000000,19.424023,27.469716,19.424023,27.469716,0.003069934,3.474790,43.785880,47.260671,7.876778,60.000000,61.131590,6,True
626.000000,6443.492361,6443.492361,0.000000,16.919407,23.927654,16.919407,23.927654,0.003068260,2.635018,38.141117,40.776135,6.796022,60.000000,60.989383,5,True
627.000000,4339.557657,4339.557657,0.000000,11.394867,16.114776,11.394867,16.114776,0.003063840,1.193455,25.689334,26.882789,4.480465,60.000000,60.661788,7,True
628.000000,3261.728430,3261.728430,0.000000,8.564689,12.112300,8.564689,12.112300,0.003061558,0.673732,19.309607,19.983338,3.330556,60.000000,60.490341,6,True
629.000000,3621.004839,3621.004839,0.000000,9.508082,13.446458,9.508082,13.446458,0.003062033,0.830457,21.436354,22.266811,3.711135,60.000000,60.537227,4,True
630.000000,5792.383490,5792.383490,0.000000,15.209716,21.509787,15.209716,21.509787,0.003066455,2.128139,34.288130,36.416270,6.069378,60.000000,60.868147,7,True
631.000000,9169.831912,9169.831912,0.000000,24.078265,34.051808,24.078265,34.051808,0.003073770,5.346172,54.273704,59.619877,9.936646,60.000000,61.419845,7,True
632.000000,11635.049371,11635.049371,0.000000,30.551465,43.206296,30.551465,43.206296,0.003079600,8.623422,68.857269,77.480691,12.913448,60.000000,61.854693,7,True
633.000000,13497.679403,13497.679403,0.000000,35.442383,50.123099,35.442383,50.123099,0.003084192,11.622741,79.873743,91.496484,15.249414,60.000000,62.197052,7,True
634.000000,14329.005868,14329.005868,-0.000000,37.625291,53.210197,37.625291,53.210197,0.003086355,13.107712,84.789825,97.897537,16.316256,60.000000,62.358589,6,True
635.000000,13138.190537,13138.190537,-0.000000,34.498433,48.788151,34.498433,48.788151,0.003083743,11.010276,77.747076,88.757352,14.792892,60.000000,62.151590,6,True
636.000000,9736.205425,9736.205425,0.000000,25.565456,36.155014,25.565456,36.155014,0.003075881,6.031119,57.623677,63.654796,10.609133,60.000000,61.560150,7,True
637.000000,5687.429861,5687.429861,0.000000,14.934128,21.120046,14.934128,21.120046,0.003066878,2.052001,33.666593,35.718594,5.953099,60.000000,60.889470,8,True
638.000000,3617.685346,3617.685346,0.000000,9.499366,13.434132,9.499366,13.434132,0.003062384,0.829030,21.416565,22.245595,3.707599,60.000000,60.552429,7,True
639.000000,2780.351374,2780.351374,0.000000,7.300683,10.324725,7.300683,10.324725,0.003060610,0.489391,16.460116,16.949507,2.824918,60.000000,60.416058,5,True
640.000000,2761.549899,2761.549899,0.000000,7.251314,10.254906,7.251314,10.254906,0.003060496,0.482777,16.348842,16.831619,2.805270,60.000000,60.407745,1,True
641.000000,5627.957822,5627.957822,0.000000,14.777965,20.899199,14.777965,20.899199,0.003066037,2.008760,33.315065,35.323825,5.887304,60.000000,60.838383,7,True
642.000000,11093.846166,11093.846166,0.000000,29.130367,41.196559,29.130367,41.196559,0.003078094,7.836010,65.656197,73.492206,12.248701,60.000000,61.742162,8,True
643.000000,13093.086158,13093.086158,0.000000,34.379997,48.620658,34.379997,48.620658,0.003083150,10.932704,77.481009,88.413713,14.735619,60.000000,62.119586,7,True
644.000000,9470.430029,9470.430029,0.000000,24.867579,35.168068,24.867579,35.168068,0.003075246,5.705164,56.051341,61.756505,10.292751,60.000000,61.512323,7,True
645.000000,7368.253516,7368.253516,-0.000000,19.347657,27.361718,19.347657,27.361718,0.003070390,3.448033,43.613369,47.061403,7.843567,60.000000,61.152286,7,True
646.000000,7876.509105,7876.509105,0.000000,20.682241,29.249105,20.682241,29.249105,0.003071117,3.941058,46.621157,50.562215,8.427036,60.000000,61.221054,4,True
647.000000,7951.689598,7951.689598,-0.000000,20.879651,29.528285,20.879651,29.528285,0.003071318,4.016914,47.065977,51.082891,8.513815,60.000000,61.233951,2,True
648.000000,7141.578203,7141.578203,0.000000,18.752450,26.519968,18.752450,26.519968,0.003069784,3.238508,42.272128,45.510637,7.585106,60.000000,61.104408,5,True
649.000000,4954.350960,4954.350960,0.000000,13.009200,18.397787,13.009200,18.397787,0.003065143,1.556228,29.328088,30.884316,5.147386,60.000000,60.759185,7,True
650.000000,504.551252,504.551252,0.000000,1.324857,1.873631,1.324857,1.873631,0.003056321,0.016094,2.987258,3.003352,0.500559,60.000000,60.097571,8,True
651.000000,-4298.606288,-4298.606288,0.000000,11.287337,15.962705,11.287337,15.962705,0.003063198,1.170791,25.447211,26.618002,4.436334,60.000000,60.627013,7,True
652.000000,-7601.003614,-7601.003614,0.000000,19.958815,28.226027,19.958815,28.226027,0.003070245,3.669136,44.991158,48.660294,8.110049,60.000000,61.155362,7,True
653.000000,-7861.390834,-7861.390834,0.000000,20.642543,29.192964,20.642543,29.192964,0.003071053,3.925861,46.531727,50.457588,8.409598,60.000000,61.215072,4,True
654.000000,-9535.650860,-9535.650860,0.000000,25.038837,35.410263,25.038837,35.410263,0.003074749,5.783080,56.437870,62.220950,10.370158,60.000000,61.493278,6,True
655.000000,-13588.263388,-13588.263388,0.000000,35.680240,50.459479,35.680240,50.459479,0.003084249,11.779485,80.409697,92.189182,15.364864,60.000000,62.201508,8,True
656.000000,-14795.537373,-14795.537373,0.000000,38.850316,54.942643,38.850316,54.942643,0.003087440,13.980053,87.548715,101.528768,16.921461,60.000000,62.442212,6,True
657.000000,-11032.187368,-11032.187368,0.000000,28.968462,40.967592,28.968462,40.967592,0.003078860,7.751077,65.290365,73.041442,12.173574,60.000000,61.787346,8,True
658.000000,-7144.431915,-7144.431915,0.000000,18.759943,26.530566,18.759943,26.530566,0.003070036,3.241364,42.288823,45.530187,7.588365,60.000000,61.126277,8,True
659.000000,-7728.839627,-7728.839627,0.000000,20.294488,28.700741,20.294488,28.700741,0.003070799,3.794275,45.747367,49.541642,8.256940,60.000000,61.197471,4,True
660.000000,-11193.571627,-11193.571627,0.000000,29.392227,41.566886,29.392227,41.566886,0.003078482,7.978531,66.245924,74.224454,12.370742,60.000000,61.773218,7,True
661.000000,-11924.913726,-11924.913726,0.000000,31.312595,44.282696,31.312595,44.282696,0.003080404,9.060812,70.571669,79.632481,13.272080,60.000000,61.917131,5,True
662.000000,-9816.466625,-9816.466625,0.000000,25.776207,36.453061,25.776207,36.453061,0.003075884,6.130970,58.098700,64.229669,10.704945,60.000000,61.564050,7,True
663.000000,-5093.000167,-5093.000167,0.000000,13.373267,18.912655,13.373267,18.912655,0.003065655,1.644824,30.148561,31.793385,5.298897,60.000000,60.796991,8,True
664.000000,-1688.199004,-1688.199004,0.000000,4.432895,6.269060,4.432895,6.269060,0.003058631,0.180311,9.994767,10.175078,1.695846,60.000000,60.267838,7,True
665.000000,112.291652,112.291652,0.000000,0.294857,0.416991,0.294857,0.416991,0.003055412,0.000797,0.664848,0.665645,0.110941,60.000000,60.027017,6,True
666.000000,2656.476853,2656.476853,0.000000,6.975412,9.864722,6.975412,9.864722,0.003059935,0.446656,15.726955,16.173610,2.695602,60.000000,60.379436,7,True
667.000000,7899.923553,7899.923553,0.000000,20.743723,29.336054,20.743723,29.336054,0.003070806,3.964122,46.760015,50.724137,8.454023,60.000000,61.195476,8,True
668.000000,14751.387111,14751.387111,0.000000,38.734385,54.778693,38.734385,54.778693,0.003086837,13.894032,87.288433,101.182465,16.863744,60.000000,62.399035,8,True
669.000000,17680.445246,17680.445246,0.000000,46.425545,65.655635,46.425545,65.655635,0.003094684,20.010205,104.605491,124.615696,20.769283,60.000000,62.985688,7,True
670.000000,20952.339880,20952.339880,0.000000,55.016928,77.805686,55.016928,77.805686,0.003103625,28.182739,123.943167,152.125907,25.354318,60.000000,63.649908,8,True
671.000000,17004.651993,17004.651993,0.000000,44.651038,63.146103,44.651038,63.146103,0.003093773,18.504304,100.608876,119.113180,19.852197,60.000000,62.902453,8,True
672.000000,12789.826633,12789.826633,0.000000,33.583694,47.494516,33.583694,47.494516,0.003083210,10.432330,75.686325,86.118655,14.353109,60.000000,62.111969,8,True
673.000000,13579.707067,13579.707067,0.000000,35.657773,50.427706,35.657773,50.427706,0.003084550,11.765801,80.358621,92.124422,15.354070,60.000000,62.225551,5,True
674.000000,14376.022512,14376.022512,0.000000,37.748748,53.384792,37.748748,53.384792,0.003086447,13.194266,85.067895,98.262161,16.377027,60.000000,62.369446,5,True
675.000000,9868.087965,9868.087965,0.000000,25.911755,36.644755,25.911755,36.644755,0.003076218,6.196294,58.403861,64.600155,10.766693,60.000000,61.588507,8,True
676.000000,4283.696593,4283.696593,0.000000,11.248187,15.907338,11.248187,15.907338,0.003064062,1.163011,25.358544,26.521555,4.420259,60.000000,60.676415,8,True
677.000000,-852.812917,-852.812917,0.000000,2.239327,3.166887,2.239327,3.166887,0.003057005,0.045989,5.049121,5.095110,0.849185,60.000000,60.145848,7,True
678.000000,-7412.284924,-7412.284924,0.000000,19.463275,27.525227,19.463275,27.525227,0.003069683,3.488563,43.874565,47.363128,7.893855,60.000000,61.112498,8,True
679.000000,-10949.240296,-10949.240296,0.000000,28.750659,40.659571,28.750659,40.659571,0.003077833,7.632414,64.800692,72.433106,12.072184,60.000000,61.725176,7,True
680.000000,-11934.263333,-11934.263333,0.000000,31.337145,44.317415,31.337145,44.317415,0.003080438,9.075123,70.626957,79.702080,13.283680,60.000000,61.916611,6,True
681.000000,-10726.552825,-10726.552825,0.000000,28.165923,39.832630,28.165923,39.832630,0.003077939,7.325365,63.482641,70.808007,11.801334,60.000000,61.717301,6,True
682.000000,-5754.931506,-5754.931506,0.000000,15.111374,21.370711,15.111374,21.370711,0.003067084,2.101139,34.066039,36.167178,6.027863,60.000000,60.903744,8,True
683.000000,-3200.433325,-3200.433325,0.000000,8.403740,11.884683,8.403740,11.884683,0.003061587,0.648654,18.946726,19.595380,3.265897,60.000000,60.491434,7,True
684.000000,-1327.963150,-1327.963150,0.000000,3.486983,4.931339,3.486983,4.931339,0.003057800,0.111540,7.862156,7.973696,1.328949,60.000000,60.204832,6,True
685.000000,4635.344360,4635.344360,0.000000,12.171548,17.213168,12.171548,17.213168,0.003063921,1.361728,27.440293,28.802021,4.800337,60.000000,60.680354,7,True
686.000000,9564.640752,9564.640752,0.000000,25.114959,35.517916,25.114959,35.517916,0.003074584,5.817985,56.609621,62.427607,10.404601,60.000000,61.478496,8,True
687.000000,10006.404755,10006.404755,0.000000,26.274949,37.158389,26.274949,37.158389,0.003075918,6.370592,59.222810,65.593402,10.932234,60.000000,61.578402,5,True
688.000000,10660.685605,10660.685605,0.000000,27.992968,39.588035,27.992968,39.588035,0.003077457,7.234544,63.093380,70.327924,11.721321,60.000000,61.694718,5,True
689.000000,11496.609281,11496.609281,0.000000,30.187947,42.692204,30.187947,42.692204,0.003079397,8.418877,68.038221,76.457098,12.742850,60.000000,61.841938,5,True
690.000000,7794.495604,7794.495604,0.000000,20.466889,28.944551,20.466889,28.944551,0.003071472,3.859859,46.135417,49.995276,8.332546,60.000000,61.229479,7,True
691.000000,3854.512508,3854.512508,0.000000,10.121229,14.313580,10.121229,14.313580,0.003063066,0.941335,22.818287,23.759622,3.959937,60.000000,60.598967,7,True
692.000000,4125.235131,4125.235131,0.000000,10.832096,15.318898,10.832096,15.318898,0.003063062,1.078207,24.420936,25.499143,4.249857,60.000000,60.618174,2,True
693.000000,5967.099750,5967.099750,0.000000,15.668489,22.158589,15.668489,22.158589,0.003066811,2.258720,35.322136,37.580856,6.263476,60.000000,60.898402,6,True
694.000000,5639.320575,5639.320575,0.000000,14.807802,20.941394,14.807802,20.941394,0.003066432,2.017139,33.382086,35.399224,5.899871,60.000000,60.855956,4,True
695.000000,1325.531039,1325.531039,0.000000,3.480597,4.922307,3.480597,4.922307,0.003057887,0.111135,7.847745,7.958879,1.326480,60.000000,60.215272,8,True
696.000000,-6383.914281,-6383.914281,0.000000,16.762966,23.706413,16.762966,23.706413,0.003067564,2.585929,37.788938,40.374867,6.729145,60.000000,60.951854,8,True
697.000000,-7923.921081,-7923.921081,0.000000,20.806736,29.425168,20.806736,29.425168,0.003071078,3.988595,46.901823,50.890418,8.481736,60.000000,61.217818,6,True
698.000000,-5501.496452,-5501.496452,0.000000,14.445901,20.429590,14.445901,20.429590,0.003066299,1.919663,32.566312,34.485975,5.747663,60.000000,60.845433,7,True
699.000000,-3605.599430,-3605.599430,0.000000,9.467630,13.389251,9.467630,13.389251,0.003062374,0.823497,21.345020,22.168518,3.694753,60.000000,60.547651,6,True
700.000000,-1205.146635,-1205.146635,0.000000,3.164490,4.475264,3.164490,4.475264,0.003057541,0.091855,7.135060,7.226914,1.204486,60.000000,60.188734,7,True
701.000000,-52.101798,-52.101798,0.000000,0.136810,0.193478,0.136810,0.193478,0.003055226,0.000172,0.308481,0.308653,0.051442,60.000000,60.015154,6,True
702.000000,899.033228,899.033228,-0.000000,2.360693,3.338524,2.360693,3.338524,0.003056547,0.051101,5.322816,5.373917,0.895653,60.000000,60.126703,5,True
703.000000,1063.050725,1063.050725,0.000000,2.791373,3.947597,2.791373,3.947597,0.003056898,0.071456,6.293857,6.365313,1.060885,60.000000,60.152568,3,True
704.000000,-354.349620,-354.349620,0.000000,0.930456,1.315863,0.930456,1.315863,0.003055757,0.007937,2.097993,2.105929,0.350988,60.000000,60.054270,5,True
705.000000,-2160.907783,-2160.907783,0.000000,5.674140,8.024446,5.674140,8.024446,0.003058945,0.295456,12.793304,13.088761,2.181460,60.000000,60.307622,6,True
706.000000,-3500.682915,-3500.682915,0.000000,9.192139,12.999648,9.192139,12.999648,0.003061682,0.776094,20.724182,21.500277,3.583379,60.000000,60.511390,6,True
707.000000,-3177.521535,-3177.521535,0.000000,8.343578,11.799601,8.343578,11.799601,0.003061292,0.639338,18.811189,19.450527,3.241755,60.000000,60.470639,4,True
708.000000,-1465.176143,-1465.176143,0.000000,3.847279,5.440874,3.847279,5.440874,0.003058012,0.135790,8.674487,8.810277,1.468380,60.000000,60.221862,6,True
709.000000,1049.534451,1049.534451,0.000000,2.755881,3.897405,2.755881,3.897405,0.003057130,0.069656,6.213806,6.283462,1.047244,60.000000,60.155182,4,True
710.000000,6003.006150,6003.006150,0.000000,15.762772,22.291926,15.762772,22.291926,0.003066715,2.285914,35.534746,37.820660,6.303443,60.000000,60.888175,8,True
711.000000,11531.270494,11531.270494,0.000000,30.278961,42.820917,30.278961,42.820917,0.003079103,8.468907,68.243719,76.712627,12.785438,60.000000,61.817940,8,True
712.000000,8979.103696,8979.103696,0.000000,23.577448,33.343547,23.577448,33.343547,0.003073953,5.126394,53.144658,58.271053,9.711842,60.000000,61.418660,7,True
713.000000,1449.638832,1449.638832,0.000000,3.806481,5.383177,3.806481,5.383177,0.003058449,0.132944,8.582430,8.715375,1.452562,60.000000,60.253349,8,True
714.000000,-2602.979119,-2602.979119,0.000000,6.834937,9.666060,6.834937,9.666060,0.003059944,0.428848,15.410233,15.839081,2.639847,60.000000,60.382695,5,True
715.000000,-5842.171274,-5842.171274,0.000000,15.340450,21.694672,15.340450,21.694672,0.003066455,2.164881,34.582850,36.747731,6.124622,60.000000,60.870635,7,True
716.000000,-3863.828522,-3863.828522,0.000000,10.145692,14.348175,10.145692,14.348175,0.003062855,0.945825,22.873525,23.819351,3.969892,60.000000,60.584019,6,True
717.000000,-681.626784,-681.626784,0.000000,1.789825,2.531194,1.789825,2.531194,0.003056593,0.029375,4.035636,4.065011,0.677502,60.000000,60.115848,7,True
718.000000,1611.880131,1611.880131,0.000000,4.232496,5.985653,4.232496,5.985653,0.003057950,0.164341,9.543050,9.707391,1.617898,60.000000,60.232306,5,True
719.000000,4794.663153,4794.663153,0.000000,12.589889,17.804792,12.589889,17.804792,0.003064237,1.457094,28.383263,29.840356,4.973393,60.000000,60.704051,7,True
720.000000,7785.977028,7785.977028,0.000000,20.444520,28.912918,20.444520,28.912918,0.003070686,3.850441,46.085662,49.936103,8.322684,60.000000,61.187701,7,True
721.000000,7713.995696,7713.995696,0.000000,20.255511,28.645618,20.255511,28.645618,0.003070787,3.779700,45.659515,49.439215,8.239869,60.000000,61.192580,1,True
722.000000,7636.876325,7636.876325,0.000000,20.053010,28.359238,20.053010,28.359238,0.003070782,3.704498,45.203046,48.907544,8.151257,60.000000,61.182074,2,True
723.000000,7300.573308,7300.573308,0.000000,19.169941,27.110391,19.169941,27.110391,0.003070081,3.384641,43.213009,46.597650,7.766275,60.000000,61.128054,4,True
724.000000,9111.885982,9111.885982,0.000000,23.926110,33.836629,23.926110,33.836629,0.003073774,5.278826,53.930735,59.209560,9.868260,60.000000,61.420654,6,True
725.000000,13864.669808,13864.669808,0.000000,36.406031,51.485903,36.406031,51.485903,0.003084865,12.266032,82.044428,94.310461,15.718410,60.000000,62.248515,8,True
726.000000,20997.426356,20997.426356,0.000000,55.135317,77.973113,55.135317,77.973113,0.003103396,28.302070,124.210398,152.512467,25.418745,60.000000,63.633017,9,True
727.000000,23705.245526,23705.245526,0.000000,62.245544,88.028493,62.245544,88.028493,0.003111407,36.165514,140.207927,176.373441,29.395574,60.000000,64.235254,7,True
728.000000,18429.331942,18429.331942,0.000000,48.391981,68.436596,48.391981,68.436596,0.003097718,21.762560,109.030173,130.792733,21.798789,60.000000,63.195095,8,True
729.000000,14631.875981,14631.875981,-0.000000,38.420572,54.334893,38.420572,54.334893,0.003087762,13.673909,86.579779,100.253688,16.708948,60.000000,62.452942,8,True
730.000000,8353.798505,8353.798505,0.000000,21.935513,31.021501,21.935513,31.021501,0.003073000,4.435877,49.444527,53.880404,8.980067,60.000000,61.344884,8,True
731.000000,4167.558310,4167.558310,0.000000,10.943229,15.476063,10.943229,15.476063,0.003063715,1.100679,24.671189,25.771867,4.295311,60.000000,60.652104,8,True
732.000000,3852.094277,3852.094277,0.000000,10.114880,14.304600,10.114880,14.304600,0.003062796,0.940071,22.804084,23.744156,3.957359,60.000000,60.579519,4,True
733.000000,4205.327509,4205.327509,0.000000,11.042404,15.616318,11.042404,15.616318,0.003063236,1.120544,24.894995,26.015539,4.335923,60.000000,60.627597,4,True
734.000000,4561.760317,4561.760317,0.000000,11.978330,16.939917,11.978330,16.939917,0.003063956,1.318853,27.004673,28.323526,4.720588,60.000000,60.682410,4,True
735.000000,5269.160618,5269.160618,0.000000,13.835831,19.566820,13.835831,19.566820,0.003065420,1.760442,31.191496,32.951938,5.491990,60.000000,60.792197,5,True
736.000000,6339.416511,6339.416511,0.000000,16.646123,23.541173,16.646123,23.541173,0.003067705,2.550122,37.525441,40.075563,6.679261,60.000000,60.961989,6,True
737.000000,6103.306426,6103.306426,0.000000,16.026142,22.664387,16.026142,22.664387,0.003067462,2.363515,36.127976,38.491491,6.415249,60.000000,60.930640,3,True
738.000000,4435.549137,4435.549137,0.000000,11.646923,16.471236,11.646923,16.471236,0.003064041,1.246919,26.257488,27.504407,4.584068,60.000000,60.673905,6,True
739.000000,7548.454172,7548.454172,-0.000000,19.820830,28.030886,19.820830,28.030886,0.003070200,3.618525,44.680149,48.298674,8.049779,60.000000,61.151152,7,True
740.000000,11328.141292,11328.141292,0.000000,29.745582,42.066605,29.745582,42.066605,0.003078800,8.172364,67.041944,75.214308,12.535718,60.000000,61.793048,8,True
741.000000,10188.474536,10188.474536,0.000000,26.753030,37.834498,26.753030,37.834498,0.003076635,6.606070,60.299594,66.905664,11.150944,60.000000,61.620436,6,True
742.000000,6703.973113,6703.973113,0.000000,17.603380,24.894939,17.603380,24.894939,0.003069052,2.853104,39.682408,42.535513,7.089252,60.000000,61.048736,7,True
743.000000,4135.496487,4135.496487,0.000000,10.859041,15.357003,10.859041,15.357003,0.003063499,1.083732,24.481486,25.565218,4.260870,60.000000,60.634817,7,True
744.000000,3777.371922,3777.371922,0.000000,9.918673,14.027121,9.918673,14.027121,0.003062615,0.903901,22.361808,23.265709,3.877618,60.000000,60.566499,4,True
745.000000,3777.371909,3777.371909,-0.000000,9.918673,14.027121,9.918673,14.027121,0.003062502,0.903867,22.361855,23.265722,3.877620,60.000000,60.562836,1,True
746.000000,5272.666174,5272.666174,0.000000,13.845036,19.579837,13.845036,19.579837,0.003065373,1.762758,31.212275,32.975033,5.495839,60.000000,60.788885,6,True
747.000000,7575.377924,7575.377924,-0.000000,19.891527,28.130867,19.891527,28.130867,0.003070309,3.644514,44.839424,48.483938,8.080656,60.000000,61.157673,7,True
748.000000,9228.867245,9228.867245,0.000000,24.233280,34.271034,24.233280,34.271034,0.003074028,5.415686,54.622859,60.038545,10.006424,60.000000,61.439382,6,True
749.000000,8252.133526,8252.133526,0.000000,21.668560,30.643972,21.668560,30.643972,0.003072266,4.327530,48.843452,53.170982,8.861830,60.000000,61.289106,5,True
750.000000,5222.023964,5222.023964,0.000000,13.712059,19.391780,13.712059,19.391780,0.003065803,1.729302,30.912247,32.641548,5.440258,60.000000,60.806513,7,True
751.000000,3277.245170,3277.245170,0.000000,8.605433,12.169920,8.605433,12.169920,0.003061719,0.680193,19.401409,20.081602,3.346934,60.000000,60.498194,6,True
752.000000,1714.282317,1714.282317,0.000000,4.501385,6.365920,4.501385,6.365920,0.003058511,0.185919,10.149212,10.335131,1.722522,60.000000,60.259653,6,True
753.000000,-622.028294,-622.028294,0.000000,1.633330,2.309877,1.633330,2.309877,0.003056305,0.024461,3.682797,3.707257,0.617876,60.000000,60.096470,6,True
754.000000,-1796.497296,-1796.497296,0.000000,4.717266,6.671222,4.717266,6.671222,0.003058309,0.204166,10.635996,10.840162,1.806694,60.000000,60.256969,6,True
755.000000,-2927.543788,-2927.543788,0.000000,7.687183,10.871318,7.687183,10.871318,0.003060551,0.542569,17.331537,17.874106,2.979018,60.000000,60.425411,6,True
756.000000,-6661.823314,-6661.823314,0.000000,17.492703,24.738418,17.492703,24.738418,0.003068161,2.816522,39.433560,42.250082,7.041680,60.000000,60.999833,7,True
757.000000,-12854.796800,-12854.796800,0.000000,33.754294,47.735780,33.754294,47.735780,0.003082231,10.535242,76.072167,86.607409,14.434568,60.000000,62.053142,8,True
758.000000,-16544.263614,-16544.263614,0.000000,43.442144,61.436469,43.442144,61.436469,0.003091704,17.504176,97.888681,115.392857,19.232143,60.000000,62.759210,8,True
759.000000,-15563.793770,-15563.793770,0.000000,40.867613,57.795533,40.867613,57.795533,0.003089810,15.481448,92.090663,107.572111,17.928685,60.000000,62.602142,5,True
760.000000,-13418.480135,-13418.480135,0.000000,35.234421,49.828996,35.234421,49.828996,0.003084530,11.488003,79.404582,90.892584,15.148764,60.000000,62.210811,7,True
761.000000,-11224.654155,-11224.654155,0.000000,29.473844,41.682310,29.473844,41.682310,0.003079243,8.024884,66.428949,74.453833,12.408972,60.000000,61.814951,7,True
762.000000,-7670.637545,-7670.637545,0.000000,20.141660,28.484609,20.141660,28.484609,0.003071221,3.737859,45.402514,49.140373,8.190062,60.000000,61.210798,7,True
763.000000,-3905.451944,-3905.451944,0.000000,10.254987,14.502741,10.254987,14.502741,0.003063156,0.966408,23.119804,24.086212,4.014369,60.000000,60.606146,7,True
764.000000,-450.603930,-450.603930,0.000000,1.183202,1.673300,1.183202,1.673300,0.003056205,0.012836,2.667862,2.680698,0.446783,60.000000,60.085918,7,True
765.000000,4720.407183,4720.407183,0.000000,12.394907,17.529046,12.394907,17.529046,0.003064024,1.412212,27.943795,29.356007,4.892668,60.000000,60.690103,7,True
766.000000,8785.702679,8785.702679,0.000000,23.069613,32.625360,23.069613,32.625360,0.003072879,4.906224,52.001001,56.907225,9.484537,60.000000,61.349650,8,True
767.000000,10652.589251,10652.589251,0.000000,27.971708,39.557969,27.971708,39.557969,0.003077335,7.223273,63.045605,70.268878,11.711480,60.000000,61.683521,7,True
768.000000,12690.888882,12690.888882,-0.000000,33.323902,47.127114,33.323902,47.127114,0.003082203,10.268199,75.102230,85.370429,14.228405,60.000000,62.048528,7,True
769.000000,16932.501118,16932.501118,0.000000,44.461583,62.878174,44.461583,62.878174,0.003092705,18.341281,100.183953,118.525234,19.754206,60.000000,62.834732,8,True
770.000000,24666.943599,24666.943599,0.000000,64.770783,91.599720,64.770783,91.599720,0.003113836,39.189997,145.889531,185.079528,30.846588,60.000000,64.413234,9,True
771.000000,29293.459435,29293.459435,-0.000000,76.919149,108.780104,76.919149,108.780104,0.003128153,55.523674,173.207065,228.730739,38.121790,60.000000,65.483129,8,True
772.000000,31343.736234,31343.736234,-0.000000,82.302793,116.393726,82.302793,116.393726,0.003135028,63.707685,185.306684,249.014369,41.502395,60.000000,65.994843,7,True
773.000000,29525.001770,29525.001770,0.000000,77.527136,109.639927,77.527136,109.639927,0.003129849,56.435470,174.570717,231.006186,38.501031,60.000000,65.594505,7,True
774.000000,27161.190695,27161.190695,0.000000,71.320210,100.862008,71.320210,100.862008,0.003122622,47.650327,160.615595,208.265922,34.710987,60.000000,65.053668,7,True
775.000000,30027.286405,30027.286405,-0.000000,78.846042,111.505142,78.846042,111.505142,0.003130861,58.390862,177.537257,235.928119,39.321353,60.000000,65.681363,8,True
776.000000,26979.955287,26979.955287,0.000000,70.844320,100.188998,70.844320,100.188998,0.003122038,47.007756,159.545579,206.553335,34.425556,60.000000,65.013413,8,True
777.000000,22022.828146,22022.828146,0.000000,57.827830,81.780902,57.827830,81.780902,0.003107722,31.177207,130.265836,161.443043,26.907174,60.000000,63.942106,8,True
778.000000,20547.131111,20547.131111,0.000000,53.952926,76.300959,53.952926,76.300959,0.003103212,27.099588,121.547083,148.646672,24.774445,60.000000,63.608516,7,True
779.000000,18902.310432,18902.310432,0.000000,49.633934,70.192983,49.633934,70.192983,0.003098679,22.901040,111.826401,134.727441,22.454573,60.000000,63.269735,7,True
780.000000,16044.264025,16044.264025,0.000000,42.129239,59.579740,42.129239,59.579740,0.003091281,16.459892,94.931033,111.390925,18.565154,60.000000,62.713288,7,True
781.000000,13453.697575,13453.697575,-0.000000,35.326895,49.959774,35.326895,49.959774,0.003084712,11.549064,79.612717,91.161781,15.193630,60.000000,62.222858,7,True
782.000000,11193.791326,11193.791326,0.000000,29.392804,41.567702,29.392804,41.567702,0.003079189,7.980674,66.246364,74.227039,12.371173,60.000000,61.810643,7,True
783.000000,9335.056846,9335.056846,0.000000,24.512114,34.665365,24.512114,34.665365,0.003074792,5.542409,55.250587,60.792996,10.132166,60.000000,61.482664,7,True
784.000000,8900.593505,8900.593505,0.000000,23.371295,33.052002,23.371295,33.052002,0.003073680,5.036692,52.680244,57.716936,9.619489,60.000000,61.399239,5,True
785.000000,10980.352547,10980.352547,0.000000,28.832353,40.775105,28.832353,40.775105,0.003078142,7.676621,64.984455,72.661076,12.110179,60.000000,61.744127,7,True
786.000000,11649.193028,11649.193028,0.000000,30.588604,43.258818,30.588604,43.258818,0.003079781,8.644908,68.940743,77.585651,12.930942,60.000000,61.869259,5,True
787.000000,8715.346335,8715.346335,0.000000,22.884871,32.364094,22.884871,32.364094,0.003073458,4.828869,51.584026,56.412894,9.402149,60.000000,61.380171,7,True
788.000000,6184.978866,6184.978866,0.000000,16.240598,22.967675,16.240598,22.967675,0.003067840,2.427493,36.611174,39.038667,6.506445,60.000000,60.960223,7,True
789.000000,6184.978866,6184.978866,0.000000,16.240598,22.967675,16.240598,22.967675,0.003067655,2.427347,36.611298,39.038646,6.506441,60.000000,60.945734,2,True
790.000000,7733.208818,7733.208818,-0.000000,20.305961,28.716965,20.305961,28.716965,0.003070710,3.798456,45.773304,49.571760,8.261960,60.000000,61.189522,6,True
791.000000,8814.208474,8814.208474,0.000000,23.144464,32.731215,23.144464,32.731215,0.003073179,4.938594,52.169434,57.108028,9.518005,60.000000,61.372671,6,True
792.000000,5265.492964,5265.492964,0.000000,13.826200,19.553200,13.826200,19.553200,0.003065930,1.758285,31.169492,32.927777,5.487963,60.000000,60.814886,7,True
793.000000,-4368.308896,-4368.308896,0.000000,11.470363,16.221542,11.470363,16.221542,0.003063898,1.209344,25.859508,27.068853,4.511475,60.000000,60.661667,5,True
794.000000,-14698.698183,-14698.698183,0.000000,38.596034,54.583035,38.596034,54.583035,0.003086551,13.793677,86.977113,100.770790,16.795132,60.000000,62.374904,9,True
795.000000,-22567.408076,-22567.408076,0.000000,59.257796,83.803178,59.257796,83.803178,0.003107687,32.737803,133.487132,166.224935,27.704156,60.000000,63.954284,9,True
796.000000,-24727.445792,-24727.445792,0.000000,64.929651,91.824393,64.929651,91.824393,0.003114458,39.390352,146.245697,185.636048,30.939341,60.000000,64.461422,7,True
797.000000,-20790.804556,-20790.804556,0.000000,54.592767,77.205831,54.592767,77.205831,0.003104029,27.753470,122.986697,150.740167,25.123361,60.000000,63.668572,8,True
798.000000,-13185.878999,-13185.878999,0.000000,34.623654,48.965241,34.623654,48.965241,0.003084495,11.093055,78.028201,89.121257,14.853543,60.000000,62.208632,9,True
799.000000,-5340.736290,-5340.736290,0.000000,14.023775,19.832613,14.023775,19.832613,0.003066508,1.809236,31.614565,33.423801,5.570634,60.000000,60.861674,9,True
800.000000,-259.986935,-259.986935,0.000000,0.682677,0.965451,0.682677,0.965451,0.003055983,0.004273,1.539294,1.543567,0.257261,60.000000,60.071259,8,True
801.000000,5060.227442,5060.227442,0.000000,13.287211,18.790955,13.287211,18.790955,0.003064782,1.623262,29.955040,31.578301,5.263050,60.000000,60.742765,8,True
802.000000,14057.199437,14057.199437,0.000000,36.911578,52.200855,36.911578,52.200855,0.003085008,12.609644,83.183507,95.793151,15.965525,60.000000,62.258697,9,True
803.000000,25125.039513,25125.039513,0.000000,65.973658,93.300841,65.973658,93.300841,0.003114808,40.671819,148.596236,189.268055,31.544676,60.000000,64.488368,9,True
804.000000,28841.000669,28841.000669,0.000000,75.731077,107.099916,75.731077,107.099916,0.003126795,53.798340,170.535996,224.334336,37.389056,60.000000,65.380462,8,True
805.000000,21108.427775,21108.427775,0.000000,55.426786,78.385312,55.426786,78.385312,0.003105290,28.619552,124.862691,153.482242,25.580374,60.000000,63.762587,9,True
806.000000,10582.060004,10582.060004,0.000000,27.786512,39.296062,27.786512,39.296062,0.003078570,7.130800,62.626769,69.757569,11.626261,60.000000,61.762899,9,True
807.000000,3203.736440,3203.736440,0.000000,8.412413,11.896949,8.412413,11.896949,0.003062096,0.650102,18.966103,19.616205,3.269367,60.000000,60.526404,8,True
808.000000,-1847.315509,-1847.315509,-0.000000,4.850705,6.859933,4.850705,6.859933,0.003058834,0.215917,10.936755,11.152672,1.858779,60.000000,60.283747,6,True
809.000000,-4550.381095,-4550.381095,0.000000,11.948450,16.897660,11.948450,16.897660,0.003063806,1.312217,26.937385,28.249602,4.708267,60.000000,60.670400,7,True
810.000000,-7076.574785,-7076.574785,0.000000,18.581763,26.278581,18.581763,26.278581,0.003069178,3.179195,41.887829,45.067024,7.511171,60.000000,61.073420,7,True
811.000000,-11588.509144,-11588.509144,0.000000,30.429259,43.033471,30.429259,43.033471,0.003079351,8.553882,68.582153,77.136035,12.856006,60.000000,61.835246,8,True
812.000000,-14327.086187,-14327.086187,0.000000,37.620250,53.203068,37.620250,53.203068,0.003086124,13.103220,84.778825,97.882045,16.313674,60.000000,62.344238,7,True
813.000000,-14031.843150,-14031.843150,0.000000,36.844997,52.106695,36.844997,52.106695,0.003085881,12.567750,83.032130,95.599880,15.933313,60.000000,62.309322,3,True
814.000000,-13282.269287,-13282.269287,0.000000,34.876757,49.323182,34.876757,49.323182,0.003084096,11.254373,78.599173,89.853546,14.975591,60.000000,62.176111,5,True
815.000000,-12575.945518,-12575.945518,0.000000,33.022082,46.700277,33.022082,46.700277,0.003082371,10.083589,74.421788,84.505377,14.084229,60.000000,62.047307,5,True
816.000000,-10668.221002,-10668.221002,0.000000,28.012754,39.616017,28.012754,39.616017,0.003077874,7.245756,63.137494,70.383249,11.730542,60.000000,61.713395,7,True
817.000000,-7956.102862,-7956.102862,0.000000,20.891239,29.544674,20.891239,29.544674,0.003071755,4.021945,47.091722,51.113667,8.518944,60.000000,61.253013,7,True
818.000000,-3606.576786,-3606.576786,0.000000,9.470197,13.392880,9.470197,13.392880,0.003062519,0.823983,21.350749,22.174732,3.695789,60.000000,60.562439,8,True
819.000000,974.095423,974.095423,0.000000,2.557793,3.617265,2.557793,3.617265,0.003057142,0.060002,5.767166,5.827168,0.971195,60.000000,60.158084,7,True
820.000000,7221.889832,7221.889832,0.000000,18.963333,26.818203,18.963333,26.818203,0.003069279,3.311212,42.747902,46.059114,7.676519,60.000000,61.081933,8,True
821.000000,12618.775129,12618.775129,0.000000,33.134545,46.859323,33.134545,46.859323,0.003081713,10.150220,74.676147,84.826368,14.137728,60.000000,62.013395,8,True
822.000000,14071.550845,14071.550845,0.000000,36.949262,52.254148,36.949262,52.254148,0.003085565,12.637683,83.267581,95.905264,15.984211,60.000000,62.303467,6,True
823.000000,14774.897885,14774.897885,0.000000,38.796120,54.865999,38.796120,54.865999,0.003087437,13.941064,87.426590,101.367655,16.894609,60.000000,62.443215,5,True
824.000000,14184.659335,14184.659335,0.000000,37.246264,52.674172,37.246264,52.674172,0.003086283,12.844656,83.935786,96.780442,16.130074,60.000000,62.341792,5,True
825.000000,13170.413145,13170.413145,-0.000000,34.583043,48.907809,34.583043,48.907809,0.003083816,11.064612,77.937653,89.002265,14.833711,60.000000,62.157772,6,True
826.000000,13497.629435,13497.629435,0.000000,35.442252,50.122914,35.442252,50.122914,0.003084350,11.623249,79.873216,91.496465,15.249411,60.000000,62.210029,4,True
827.000000,13437.332907,13437.332907,0.000000,35.283925,49.899005,35.283925,49.899005,0.003084438,11.519961,79.516279,91.036240,15.172707,60.000000,62.200270,1,True
828.000000,15648.027764,15648.027764,-0.000000,41.088796,58.108333,41.088796,58.108333,0.003089585,15.648337,92.589457,108.237794,18.039632,60.000000,62.601443,7,True
829.000000,19302.375501,19302.375501,0.000000,50.684430,71.678609,50.684430,71.678609,0.003099071,23.883720,114.192370,138.076090,23.012682,60.000000,63.310014,8,True
830.000000,19900.055310,19900.055310,0.000000,52.253826,73.898069,52.253826,73.898069,0.003100914,25.400787,117.724250,143.125037,23.854173,60.000000,63.450973,5,True
831.000000,16672.471182,16672.471182,0.000000,43.778793,61.912563,43.778793,61.912563,0.003092919,17.783508,98.645056,116.428564,19.404761,60.000000,62.834857,7,True
832.000000,10517.387338,10517.387338,0.000000,27.616693,39.055902,27.616693,39.055902,0.003077964,7.042521,62.244715,69.287236,11.547873,60.000000,61.716626,8,True
833.000000,7256.713406,7256.713406,0.000000,19.054773,26.947518,19.054773,26.947518,0.003070321,3.344356,42.953207,46.297564,7.716261,60.000000,61.143795,7,True
834.000000,7729.928429,7729.928429,0.000000,20.297347,28.704784,20.297347,28.704784,0.003070836,3.795390,45.753781,49.549171,8.258195,60.000000,61.198145,4,True
835.000000,7846.754109,7846.754109,0.000000,20.604110,29.138611,20.604110,29.138611,0.003071048,3.911250,46.445096,50.356346,8.392724,60.000000,61.216369,2,True
836.000000,7166.802772,7166.802772,0.000000,18.818685,26.613639,18.818685,26.613639,0.003069812,3.261456,42.421414,45.682870,7.613812,60.000000,61.107818,5,True
837.000000,8023.482755,8023.482755,0.000000,21.068166,29.794886,21.068166,29.794886,0.003071401,4.089887,47.490848,51.580735,8.596789,60.000000,61.242142,5,True
838.000000,10149.928721,10149.928721,0.000000,26.651816,37.691359,26.651816,37.691359,0.003076176,6.555201,60.071970,66.627172,11.104529,60.000000,61.597016,7,True
839.000000,10365.056852,10365.056852,0.000000,27.216702,38.490229,27.216702,38.490229,0.003076806,6.837422,61.344488,68.181910,11.363652,60.000000,61.644634,4,True
840.000000,10123.629662,10123.629662,0.000000,26.582759,37.593699,26.582759,37.593699,0.003076505,6.521973,59.915958,66.437931,11.072989,60.000000,61.606613,3,True
841.000000,12392.954583,12392.954583,-0.000000,32.541582,46.020747,32.541582,46.020747,0.003081486,9.789462,73.340079,83.129540,13.854923,60.000000,61.995195,7,True
842.000000,14427.137137,14427.137137,0.000000,37.882966,53.574604,37.882966,53.574604,0.003086489,13.288438,85.370293,98.658731,16.443122,60.000000,62.369425,7,True
843.000000,13059.511300,13059.511300,0.000000,34.291836,48.495979,34.291836,48.495979,0.003083562,10.878160,77.281737,88.159898,14.693316,60.000000,62.137248,6,True
844.000000,9313.286084,9313.286084,0.000000,24.454949,34.584520,24.454949,34.584520,0.003074880,5.516744,55.121646,60.638390,10.106398,60.000000,61.489283,8,True
845.000000,6715.346864,6715.346864,0.000000,17.633246,24.937175,17.633246,24.937175,0.003069016,2.862760,39.749758,42.612519,7.102086,60.000000,61.048092,7,True
846.000000,6303.464496,6303.464496,-0.000000,16.551720,23.407666,16.551720,23.407666,0.003067916,2.521454,37.312482,39.833936,6.638989,60.000000,60.967475,5,True
847.000000,7675.569490,7675.569490,0.000000,20.154611,28.502924,20.154611,28.502924,0.003070612,3.741924,45.432215,49.174139,8.195690,60.000000,61.181252,6,True
848.000000,11372.613213,11372.613213,0.000000,29.862357,42.231750,29.862357,42.231750,0.003078866,8.236831,67.305056,75.541887,12.590315,60.000000,61.802647,7,True
849.000000,15746.813108,15746.813108,0.000000,41.348188,58.475168,41.348188,58.475168,0.003089614,15.846685,93.173920,109.020605,18.170101,60.000000,62.603622,8,True
850.000000,16196.824422,16196.824422,0.000000,42.529834,60.146268,42.529834,60.146268,0.003091083,16.773327,95.834054,112.607382,18.767897,60.000000,62.714103,5,True
851.000000,12703.774493,12703.774493,0.000000,33.357737,47.174965,33.357737,47.174965,0.003082927,10.291475,75.177486,85.468961,14.244827,60.000000,62.087123,7,True
852.000000,10934.787931,10934.787931,0.000000,28.712709,40.605903,28.712709,40.605903,0.003078519,7.613975,64.714344,72.328319,12.054720,60.000000,61.761847,7,True
853.000000,11075.645120,11075.645120,0.000000,29.082574,41.128971,29.082574,41.128971,0.003078531,7.811430,65.547951,73.359380,12.226563,60.000000,61.773899,2,True
854.000000,10234.961706,10234.961706,0.000000,26.875096,38.007126,26.875096,38.007126,0.003076814,6.666878,60.574525,67.241403,11.206901,60.000000,61.630242,5,True
855.000000,7851.870106,7851.870106,-0.000000,20.617543,29.157609,20.617543,29.157609,0.003071469,3.916888,46.475018,50.391906,8.398651,60.000000,61.232564,7,True
856.000000,6384.727271,6384.727271,0.000000,16.765100,23.709432,16.765100,23.709432,0.003068202,2.587125,37.793307,40.380433,6.730072,60.000000,60.986225,6,True
857.000000,10864.418318,10864.418318,0.000000,28.527932,40.344588,28.527932,40.344588,0.003077692,7.514274,64.298858,71.813133,11.968855,60.000000,61.710710,8,True
858.000000,17142.217859,17142.217859,0.000000,45.012260,63.656949,45.012260,63.656949,0.003093028,18.800382,101.424178,120.224560,20.037427,60.000000,62.861690,8,True
859.000000,17570.733773,17570.733773,0.000000,46.137463,65.248226,46.137463,65.248226,0.003094644,19.762385,103.956465,123.718850,20.619808,60.000000,62.980968,5,True
860.000000,14251.614999,14251.614999,-0.000000,37.422077,52.922809,37.422077,52.922809,0.003086732,12.968090,84.331292,97.299381,16.216564,60.000000,62.372198,7,True
861.000000,16525.716063,16525.716063,0.000000,43.393442,61.367594,43.393442,61.367594,0.003091878,17.465934,97.778627,115.244561,19.207427,60.000000,62.772972,7,True
862.000000,26101.681430,26101.681430,0.000000,68.538137,96.927563,68.538137,96.927563,0.003117947,43.939442,154.363483,198.302925,33.050487,60.000000,64.721447,9,True
863.000000,26034.027101,26034.027101,-0.000000,68.360489,96.676331,68.360489,96.676331,0.003118598,43.721096,153.961542,197.682639,32.947106,60.000000,64.768137,4,True
864.000000,16401.684651,16401.684651,0.000000,43.067758,60.907008,43.067758,60.907008,0.003092819,17.209976,97.043088,114.253064,19.042177,60.000000,62.829381,9,True
865.000000,13142.886253,13142.886253,0.000000,34.510763,48.805589,34.510763,48.805589,0.003084057,11.019268,77.774416,88.793684,14.798947,60.000000,62.176416,8,True
866.000000,17312.122727,17312.122727,0.000000,45.458399,64.287884,45.458399,64.287884,0.003093793,19.179655,102.428003,121.607658,20.267943,60.000000,62.915695,8,True
867.000000,22355.053175,22355.053175,0.000000,58.700191,83.014607,58.700191,83.014607,0.003107379,32.121406,132.231790,164.353196,27.392199,60.000000,63.933075,8,True
868.000000,19332.407182,19332.407182,0.000000,50.763288,71.790130,50.763288,71.790130,0.003099928,23.964722,114.368239,138.332961,23.055494,60.000000,63.359415,7,True
869.000000,10563.167833,10563.167833,0.000000,27.736904,39.225906,27.736904,39.225906,0.003078270,7.104671,62.515305,69.619976,11.603329,60.000000,61.741986,9,True
870.000000,5163.224087,5163.224087,0.000000,13.557661,19.173429,13.557661,19.173429,0.003065962,1.690665,30.564086,32.254751,5.375792,60.000000,60.818780,8,True
871.000000,3331.529895,3331.529895,0.000000,8.747975,12.371505,8.747975,12.371505,0.003061862,0.702946,19.722724,20.425670,3.404278,60.000000,60.508861,6,True
872.000000,2687.691557,2687.691557,0.000000,7.057376,9.980636,7.057376,9.980636,0.003060386,0.457282,15.911621,16.368902,2.728150,60.000000,60.401050,5,True
873.000000,1461.742623,1461.742623,0.000000,3.838263,5.428123,3.838263,5.428123,0.003057952,0.135152,8.654169,8.789320,1.464887,60.000000,60.219474,6,True
874.000000,-937.390046,-937.390046,0.000000,2.461411,3.480961,2.461411,3.480961,0.003056872,0.055561,5.549878,5.605438,0.934240,60.000000,60.139086,5,True
875.000000,-3105.576725,-3105.576725,0.000000,8.154664,11.532436,8.154664,11.532436,0.003060798,0.610616,18.385437,18.996053,3.166009,60.000000,60.448409,6,True
876.000000,-4863.363486,-4863.363486,0.000000,12.770284,18.059908,12.770284,18.059908,0.003064449,1.499253,28.789840,30.289092,5.048182,60.000000,60.721115,6,True
877.000000,-3806.185047,-3806.185047,0.000000,9.994331,14.134118,9.994331,14.134118,0.003062686,0.917764,22.532351,23.450115,3.908353,60.000000,60.570921,5,True
878.000000,-411.011904,-411.011904,0.000000,1.079240,1.526276,1.079240,1.526276,0.003056082,0.010679,2.433458,2.444136,0.407356,60.000000,60.077148,7,True
879.000000,4228.056866,4228.056866,0.000000,11.102087,15.700722,11.102087,15.700722,0.003063036,1.132616,25.029642,26.162258,4.360376,60.000000,60.614967,7,True
880.000000,947.707105,947.707105,0.000000,2.488502,3.519273,2.488502,3.519273,0.003057069,0.056794,5.610940,5.667734,0.944622,60.000000,60.151681,7,True
881.000000,-2789.310235,-2789.310235,0.000000,7.324207,10.357993,7.324207,10.357993,0.003060224,0.492488,16.513271,17.005759,2.834293,60.000000,60.403540,6,True
882.000000,780.846569,780.846569,0.000000,2.050357,2.899643,2.050357,2.899643,0.003056694,0.038551,4.623067,4.661618,0.776936,60.000000,60.121924,6,True
883.000000,6091.889098,6091.889098,0.000000,15.996162,22.621989,15.996162,22.621989,0.003066888,2.354240,36.060773,38.415013,6.402502,60.000000,60.901505,8,True
884.000000,6622.993354,6622.993354,0.000000,17.390743,24.594224,17.390743,24.594224,0.003068301,2.783912,39.203611,41.987523,6.997921,60.000000,61.008042,5,True
885.000000,8235.291976,8235.291976,0.000000,21.624337,30.581431,21.624337,30.581431,0.003071802,4.309234,48.744184,53.053418,8.842236,60.000000,61.271991,6,True
886.000000,8826.660760,8826.660760,0.000000,23.177161,32.777456,23.177161,32.777456,0.003073230,4.952641,52.243087,57.195728,9.532621,60.000000,61.377390,5,True
887.000000,7794.888238,7794.888238,0.000000,20.467920,28.946009,20.467920,28.946009,0.003071201,3.859908,46.137971,49.997878,8.332980,60.000000,61.213617,6,True
888.000000,5666.990331,5666.990331,0.000000,14.880457,21.044145,14.880457,21.044145,0.003066655,2.037130,33.545740,35.582870,5.930478,60.000000,60.872663,7,True
889.000000,2961.445937,2961.445937,0.000000,7.776204,10.997212,7.776204,10.997212,0.003061082,0.555305,17.532072,18.087376,3.014563,60.000000,60.453437,7,True
890.000000,-169.384769,-169.384769,0.000000,0.444773,0.629004,0.444773,0.629004,0.003055581,0.001813,1.002877,1.004691,0.167448,60.000000,60.040752,7,True
891.000000,-2468.246227,-2468.246227,0.000000,6.481153,9.165735,6.481153,9.165735,0.003059526,0.385549,14.612696,14.998245,2.499708,60.000000,60.353053,6,True
892.000000,-4384.235674,-4384.235674,0.000000,11.512183,16.280686,11.512183,16.280686,0.003063429,1.217992,25.954016,27.172008,4.528668,60.000000,60.645224,6,True
893.000000,-4657.943441,-4657.943441,0.000000,12.230889,17.297089,12.230889,17.297089,0.003064150,1.375141,27.573959,28.949100,4.824850,60.000000,60.696556,4,True
894.000000,-3392.240352,-3392.240352,0.000000,8.907389,12.596951,8.907389,12.596951,0.003061817,0.728788,20.082148,20.810936,3.468489,60.000000,60.509295,6,True
895.000000,-1266.115925,-1266.115925,0.000000,3.324584,4.701671,3.324584,4.701671,0.003057687,0.101389,7.496008,7.597396,1.266233,60.000000,60.195487,6,True
896.000000,1813.142014,1813.142014,0.000000,4.760972,6.733031,4.760972,6.733031,0.003058347,0.207969,10.734532,10.942501,1.823750,60.000000,60.263284,4,True
897.000000,4213.174472,4213.174472,0.000000,11.063009,15.645457,11.063009,15.645457,0.003063103,1.124681,24.941509,26.066190,4.344365,60.000000,60.617171,7,True
898.000000,4696.635570,4696.635570,0.000000,12.332487,17.440771,12.332487,17.440771,0.003064229,1.398118,27.802967,29.201085,4.866847,60.000000,60.701332,5,True
899.000000,3235.314273,3235.314273,0.000000,8.495331,12.014212,8.495331,12.014212,0.003061520,0.662855,19.153247,19.816102,3.302684,60.000000,60.486113,6,True
900.000000,800.980955,800.980955,0.000000,2.103226,2.974411,2.103226,2.974411,0.003056746,0.040565,4.742270,4.782835,0.797139,60.000000,60.129103,7,True
901.000000,-2169.746392,-2169.746392,0.000000,5.697348,8.057267,5.697348,8.057267,0.003059040,0.297887,12.845610,13.143497,2.190583,60.000000,60.312519,6,True
902.000000,-15096.706607,-15096.706607,0.000000,39.641130,56.061023,39.641130,56.061023,0.003087322,14.554433,89.330997,103.885430,17.314238,60.000000,62.434245,9,True
903.000000,-24727.445792,-24727.445792,0.000000,64.929651,91.824393,64.929651,91.824393,0.003113737,39.381233,146.247628,185.628861,30.938144,60.000000,64.407455,9,True
904.000000,-20790.804556,-20790.804556,0.000000,54.592767,77.205831,54.592767,77.205831,0.003103926,27.752541,122.986931,150.739472,25.123245,60.000000,63.661180,8,True
905.000000,-13185.878999,-13185.878999,0.000000,34.623654,48.965241,34.623654,48.965241,0.003084482,11.093006,78.028221,89.121227,14.853538,60.000000,62.207620,9,True
906.000000,-5340.736290,-5340.736290,0.000000,14.023775,19.832613,14.023775,19.832613,0.003066506,1.809235,31.614566,33.423801,5.570634,60.000000,60.861535,9,True
907.000000,-259.986935,-259.986935,0.000000,0.682677,0.965451,0.682677,0.965451,0.003055983,0.004273,1.539294,1.543567,0.257261,60.000000,60.071240,8,True
908.000000,5060.227442,5060.227442,0.000000,13.287211,18.790955,13.287211,18.790955,0.003064782,1.623262,29.955040,31.578301,5.263050,60.000000,60.742763,8,True
909.000000,14057.199437,14057.199437,0.000000,36.911578,52.200855,36.911578,52.200855,0.003085008,12.609644,83.183507,95.793151,15.965525,60.000000,62.258697,9,True
910.000000,25125.039513,25125.039513,0.000000,65.973658,93.300841,65.973658,93.300841,0.003114808,40.671819,148.596236,189.268055,31.544676,60.000000,64.488368,9,True
911.000000,28841.000669,28841.000669,0.000000,75.731077,107.099916,75.731077,107.099916,0.003126795,53.798340,170.535996,224.334336,37.389056,60.000000,65.380462,8,True
912.000000,21108.427775,21108.427775,0.000000,55.426786,78.385312,55.426786,78.385312,0.003105290,28.619552,124.862691,153.482242,25.580374,60.000000,63.762587,9,True
913.000000,14698.117964,14698.117964,0.000000,38.594511,54.580880,38.594511,54.580880,0.003088200,13.799958,86.971047,100.771004,16.795167,60.000000,62.486546,9,True
914.000000,22286.385233,22286.385233,0.000000,58.519882,82.759611,58.519882,82.759611,0.003107126,31.921776,131.826226,163.748001,27.291334,60.000000,63.911783,9,True
915.000000,22775.506680,22775.506680,0.000000,59.804224,84.575944,59.804224,84.575944,0.003108961,33.358017,134.714898,168.072916,28.012153,60.000000,64.051930,5,True
916.000000,14647.968733,14647.968733,0.000000,38.462828,54.394653,38.462828,54.394653,0.003088140,13.705684,86.674401,100.380085,16.730014,60.000000,62.480916,9,True
917.000000,8971.338156,8971.338156,0.000000,23.557057,33.314710,23.557057,33.314710,0.003074390,5.118259,53.098270,58.216528,9.702755,60.000000,61.449580,8,True
918.000000,4322.531063,4322.531063,0.000000,11.350159,16.051548,11.350159,16.051548,0.003064083,1.184201,25.588426,26.772628,4.462105,60.000000,60.679056,8,True
919.000000,7104.608300,7104.608300,0.000000,18.655373,26.382682,18.655373,26.382682,0.003069302,3.204563,42.053670,45.258233,7.543039,60.000000,61.082727,7,True
920.000000,11356.162810,11356.162810,0.000000,29.819161,42.170662,29.819161,42.170662,0.003078833,8.212931,67.207740,75.420671,12.570112,60.000000,61.796022,8,True
921.000000,18216.466910,18216.466910,0.000000,47.833037,67.646130,47.833037,67.646130,0.003095865,21.250010,107.774502,129.024512,21.504085,60.000000,63.069772,9,True
922.000000,21780.519947,21780.519947,0.000000,57.191574,80.881100,57.191574,80.881100,0.003105870,30.476746,128.836949,159.313695,26.552282,60.000000,63.818220,8,True
923.000000,19441.499104,19441.499104,0.000000,51.049743,72.195239,51.049743,72.195239,0.003100143,24.237630,115.013161,139.250791,23.208465,60.000000,63.377581,7,True
924.000000,6661.844621,6661.844621,0.000000,17.492759,24.738497,17.492759,24.738497,0.003069783,2.818030,39.432510,42.250539,7.041757,60.000000,61.103581,9,True
925.000000,-4017.147978,-4017.147978,0.000000,10.548280,14.917520,10.548280,14.917520,0.003063385,1.022554,23.780931,24.803485,4.133914,60.000000,60.625263,7,True
926.000000,-3075.174307,-3075.174307,0.000000,8.074833,11.419538,8.074833,11.419538,0.003061189,0.598795,18.205320,18.804115,3.134019,60.000000,60.462973,6,True
927.000000,-976.849696,-976.849696,0.000000,2.565025,3.627493,2.565025,3.627493,0.003057122,0.060342,5.783474,5.843816,0.973969,60.000000,60.153196,6,True
928.000000,-104.997382,-104.997382,0.000000,0.275704,0.389904,0.275704,0.389904,0.003055342,0.000697,0.621661,0.622358,0.103726,60.000000,60.021032,5,True
929.000000,1235.506294,1235.506294,0.000000,3.244209,4.588004,3.244209,4.588004,0.003057146,0.096528,7.314857,7.411385,1.235231,60.000000,60.174272,5,True
930.000000,1678.036684,1678.036684,0.000000,4.406211,6.231323,4.406211,6.231323,0.003058057,0.178114,9.934707,10.112820,1.685470,60.000000,60.241479,4,True
931.000000,1653.480481,1653.480481,-0.000000,4.341731,6.140134,4.341731,6.140134,0.003058169,0.172945,9.789303,9.962248,1.660375,60.000000,60.240481,1,True
932.000000,1154.055983,1154.055983,0.000000,3.030335,4.285541,3.030335,4.285541,0.003057330,0.084226,6.832605,6.916830,1.152805,60.000000,60.169657,4,True
933.000000,-450.154921,-450.154921,-0.000000,1.182023,1.671633,1.182023,1.671633,0.003055950,0.012809,2.665216,2.678025,0.446338,60.000000,60.068594,5,True
934.000000,-2443.764241,-2443.764241,0.000000,6.416868,9.074822,6.416868,9.074822,0.003059488,0.377934,14.467766,14.845700,2.474283,60.000000,60.349162,6,True
935.000000,-2708.340965,-2708.340965,0.000000,7.111597,10.057317,7.111597,10.057317,0.003060151,0.464300,16.033938,16.498238,2.749706,60.000000,60.396014,4,True
936.000000,-1330.553521,-1330.553521,0.000000,3.493785,4.940958,3.493785,4.940958,0.003057696,0.111972,7.877508,7.989479,1.331580,60.000000,60.199801,6,True
937.000000,-255.706377,-255.706377,-0.000000,0.671437,0.949556,0.671437,0.949556,0.003055655,0.004133,1.513960,1.518093,0.253015,60.000000,60.043001,5,True
938.000000,-0.504075,-0.504075,0.000000,0.001324,0.001872,0.001324,0.001872,0.003055049,0.000000,0.002985,0.002985,0.000497,60.000000,60.002200,4,True
939.000000,-279.160025,-279.160025,0.000000,0.733022,1.036650,0.733022,1.036650,0.003055349,0.004925,1.652831,1.657756,0.276293,60.000000,60.038975,3,True
940.000000,375.100786,375.100786,0.000000,0.984945,1.392922,0.984945,1.392922,0.003055566,0.008893,2.220862,2.229754,0.371626,60.000000,60.053260,2,True
941.000000,2472.618183,2472.618183,0.000000,6.492633,9.181970,6.492633,9.181970,0.003059523,0.386916,14.638580,15.025496,2.504249,60.000000,60.352367,6,True
942.000000,3307.218566,3307.218566,-0.000000,8.684138,12.281225,8.684138,12.281225,0.003061293,0.692595,19.579006,20.271601,3.378600,60.000000,60.484053,5,True
943.000000,3717.740727,3717.740727,-0.000000,9.762092,13.805683,9.762092,13.805683,0.003062172,0.875461,22.008975,22.884436,3.814073,60.000000,60.550062,4,True
944.000000,4559.697181,4559.697181,0.000000,11.972913,16.932255,11.972913,16.932255,0.003063897,1.317635,26.992489,28.310124,4.718354,60.000000,60.679232,5,True
945.000000,5416.014880,5416.014880,0.000000,14.221443,20.112157,14.221443,20.112157,0.003065694,1.860105,32.060657,33.920762,5.653460,60.000000,60.814401,5,True
946.000000,8408.059116,8408.059116,0.000000,22.077992,31.222995,22.077992,31.222995,0.003072100,4.492372,49.766509,54.258881,9.043147,60.000000,61.293575,7,True
947.000000,11145.366916,11145.366916,0.000000,29.265650,41.387880,29.265650,41.387880,0.003078413,7.909783,65.960722,73.870505,12.311751,60.000000,61.766438,7,True
948.000000,9601.048147,9601.048147,0.000000,25.210558,35.653113,25.210558,35.653113,0.003075347,5.863815,56.824307,62.688122,10.448020,60.000000,61.521711,6,True
949.000000,5738.146626,5738.146626,0.000000,15.067301,21.308381,15.067301,21.308381,0.003067006,2.088848,33.966730,36.055578,6.009263,60.000000,60.894461,7,True
950.000000,-253.276651,-253.276651,0.000000,0.665057,0.940533,0.665057,0.940533,0.003055948,0.004055,1.499566,1.503621,0.250604,60.000000,60.068298,8,True
951.000000,-6376.367850,-6376.367850,0.000000,16.743150,23.678390,16.743150,23.678390,0.003067478,2.579747,37.744328,40.324074,6.720679,60.000000,60.946527,8,True
952.000000,-14531.455840,-14531.455840,0.000000,38.156887,53.961987,38.156887,53.961987,0.003086244,13.480231,85.987970,99.468200,16.578033,60.000000,62.350696,9,True
953.000000,-20197.841051,-20197.841051,0.000000,53.035755,75.003885,53.035755,75.003885,0.003101225,26.169296,119.485203,145.654499,24.275750,60.000000,63.474218,8,True
954.000000,-20156.416572,-20156.416572,0.000000,52.926983,74.850056,52.926983,74.850056,0.003101658,26.065703,119.239199,145.304902,24.217484,60.000000,63.505556,3,True
955.000000,-17752.172108,-17752.172108,0.000000,46.613886,65.921990,46.613886,65.921990,0.003095655,20.179222,105.027988,125.207210,20.867868,60.000000,63.041770,7,True
956.000000,-15318.687835,-15318.687835,0.000000,40.224011,56.885342,40.224011,56.885342,0.003089366,14.995513,90.641115,105.636628,17.606105,60.000000,62.571376,7,True
957.000000,-8670.849140,-8670.849140,0.000000,22.768029,32.198856,22.768029,32.198856,0.003073737,4.780120,51.320394,56.100514,9.350086,60.000000,61.399576,8,True
958.000000,-524.107650,-524.107650,0.000000,1.376209,1.946253,1.376209,1.946253,0.003056757,0.017368,3.103019,3.120387,0.520065,60.000000,60.125562,8,True
959.000000,10093.643764,10093.643764,0.000000,26.504022,37.482347,26.504022,37.482347,0.003075609,6.481507,59.739472,66.220979,11.036830,60.000000,61.554628,9,True
960.000000,21483.695765,21483.695765,0.000000,56.412170,79.778855,56.412170,79.778855,0.003104329,29.637025,127.084753,156.721778,26.120296,60.000000,63.705763,9,True
961.000000,32213.058505,32213.058505,0.000000,84.585471,119.621920,84.585471,119.621920,0.003136875,67.330224,190.439753,257.769977,42.961663,60.000000,66.134044,9,True
962.000000,36481.672045,36481.672045,0.000000,95.794052,135.473248,95.794052,135.473248,0.003151986,86.772600,215.615738,302.388338,50.398056,60.000000,67.257466,8,True
963.000000,33618.118143,33618.118143,0.000000,88.274895,124.839553,88.274895,124.839553,0.003143294,73.481959,198.722977,272.204936,45.367489,60.000000,66.596554,8,True
964.000000,25775.494111,25775.494111,0.000000,67.681630,95.716279,67.681630,95.716279,0.003119017,42.862803,152.431447,195.294251,32.549042,60.000000,64.786206,9,True
965.000000,16184.212971,16184.212971,0.000000,42.496718,60.099435,42.496718,60.099435,0.003092390,16.754302,95.757136,112.511438,18.751906,60.000000,62.797136,9,True
966.000000,8402.583398,8402.583398,0.000000,22.063613,31.202661,22.063613,31.202661,0.003073289,4.488260,49.733012,54.221271,9.036879,60.000000,61.369624,9,True
967.000000,3938.059408,3938.059408,0.000000,10.340608,14.623828,10.340608,14.623828,0.003063296,0.982658,23.312777,24.295434,4.049239,60.000000,60.620199,8,True
968.000000,1891.870084,1891.870084,0.000000,4.967697,7.025385,4.967697,7.025385,0.003058903,0.226463,11.200519,11.426982,1.904497,60.000000,60.291405,7,True
969.000000,-594.791698,-594.791698,0.000000,1.561812,2.208735,1.561812,2.208735,0.003056290,0.022365,3.521540,3.543905,0.590651,60.000000,60.094303,6,True
970.000000,-3789.509207,-3789.509207,0.000000,9.950543,14.072193,9.950543,14.072193,0.003062171,0.909587,22.433844,23.343431,3.890572,60.000000,60.548820,7,True
971.000000,-9621.330885,-9621.330885,0.000000,25.263817,35.728432,25.263817,35.728432,0.003074636,5.887256,56.945095,62.832351,10.472059,60.000000,61.483443,8,True
972.000000,-16995.072392,-16995.072392,0.000000,44.625884,63.110530,44.625884,63.110530,0.003092587,18.476376,100.554386,119.030762,19.838460,60.000000,62.824949,9,True
973.000000,-19026.242494,-19026.242494,0.000000,49.959357,70.653200,49.959357,70.653200,0.003098383,23.200112,112.560195,135.760307,22.626718,60.000000,63.259860,7,True
974.000000,-16607.694845,-16607.694845,0.000000,43.608703,61.672019,43.608703,61.672019,0.003092614,17.643850,98.262347,115.906197,19.317700,60.000000,62.814732,7,True
975.000000,-14161.841229,-14161.841229,0.000000,37.186348,52.589438,37.186348,52.589438,0.003086439,12.804011,83.800523,96.604534,16.100756,60.000000,62.352567,7,True
976.000000,-11811.661924,-11811.661924,0.000000,31.015217,43.862140,31.015217,43.862140,0.003080672,8.890300,69.901101,78.791400,13.131900,60.000000,61.921430,7,True
977.000000,-7392.593177,-7392.593177,0.000000,19.411568,27.452103,19.411568,27.452103,0.003070629,3.471122,43.757245,47.228367,7.871395,60.000000,61.170026,8,True
978.000000,-4134.930979,-4134.930979,0.000000,10.857556,15.354903,10.857556,15.354903,0.003063588,1.083467,24.478098,25.561565,4.260261,60.000000,60.639722,7,True
979.000000,-2908.021084,-2908.021084,0.000000,7.635920,10.798821,7.635920,10.798821,0.003060879,0.535415,17.215855,17.751270,2.958545,60.000000,60.438509,6,True
980.000000,-1896.704199,-1896.704199,0.000000,4.980391,7.043336,4.980391,7.043336,0.003058857,0.227618,11.229148,11.456766,1.909461,60.000000,60.283422,5,True
981.000000,-1180.214960,-1180.214960,0.000000,3.099024,4.382682,3.099024,4.382682,0.003057381,0.088089,6.987473,7.075561,1.179260,60.000000,60.175541,5,True
982.000000,-897.169531,-897.169531,0.000000,2.355799,3.331604,2.355799,3.331604,0.003056779,0.050893,5.311759,5.362652,0.893775,60.000000,60.131648,4,True
983.000000,-714.285720,-714.285720,0.000000,1.875581,2.652472,1.875581,2.652472,0.003056431,0.032256,4.229009,4.261264,0.710211,60.000000,60.104179,3,True
984.000000,-0.000000,-0.000000,0.000000,0.000000,0.000000,0.000000,0.000000,0.003055085,0.000000,0.000000,0.000000,0.000000,60.000000,60.003715,5,True
985.000000,-0.000000,-0.000000,0.000000,0.000000,0.000000,0.000000,0.000000,0.003055001,0.000000,0.000000,0.000000,0.000000,60.000000,60.000509,1,True
986.000000,-0.000000,-0.000000,0.000000,0.000000,0.000000,0.000000,0.000000,0.003054959,0.000000,0.000000,0.000000,0.000000,60.000000,60.000070,1,True
987.000000,0.000000,0.000000,0.000000,0.000000,0.000000,0.000000,0.000000,0.003054953,0.000000,0.000000,0.000000,0.000000,60.000000,60.000010,1,True
988.000000,0.000000,0.000000,0.000000,0.000000,0.000000,0.000000,0.000000,0.003054952,0.000000,0.000000,0.000000,0.000000,60.000000,60.000001,1,True
989.000000,0.000000,0.000000,0.000000,0.000000,0.000000,0.000000,0.000000,0.003054952,0.000000,0.000000,0.000000,0.000000,60.000000,60.000000,1,True
990.000000,0.000000,0.000000,0.000000,0.000000,0.000000,0.000000,0.000000,0.003054952,0.000000,0.000000,0.000000,0.000000,60.000000,60.000000,1,True
991.000000,0.000000,0.000000,0.000000,0.000000,0.000000,0.000000,0.000000,0.003054952,0.000000,0.000000,0.000000,0.000000,60.000000,60.000000,1,True
992.000000,0.000000,0.000000,0.000000,0.000000,0.000000,0.000000,0.000000,0.003054952,0.000000,0.000000,0.000000,0.000000,60.000000,60.000000,1,True
993.000000,0.000000,0.000000,0.000000,0.000000,0.000000,0.000000,0.000000,0.003054952,0.000000,0.000000,0.000000,0.000000,60.000000,60.000000,1,True
994.000000,0.000000,0.000000,0.000000,0.000000,0.000000,0.000000,0.000000,0.003054952,0.000000,0.000000,0.000000,0.000000,60.000000,60.000000,1,True
995.000000,0.000000,0.000000,0.000000,0.000000,0.000000,0.000000,0.000000,0.003054952,0.000000,0.000000,0.000000,0.000000,60.000000,60.000000,1,True
996.000000,0.000000,0.000000,0.000000,0.000000,0.000000,0.000000,0.000000,0.003054952,0.000000,0.000000,0.000000,0.000000,60.000000,60.000000,1,True
997.000000,0.000000,0.000000,0.000000,0.000000,0.000000,0.000000,0.000000,0.003054952,0.000000,0.000000,0.000000,0.000000,60.000000,60.000000,1,True
998.000000,0.000000,0.000000,0.000000,0.000000,0.000000,0.000000,0.000000,0.003054952,0.000000,0.000000,0.000000,0.000000,60.000000,60.000000,1,True
999.000000,0.000000,0.000000,0.000000,0.000000,0.000000,0.000000,0.000000,0.003054952,0.000000,0.000000,0.000000,0.000000,60.000000,60.000000,1,True
1000.000000,0.000000,0.000000,0.000000,0.000000,0.000000,0.000000,0.000000,0.003054952,0.000000,0.000000,0.000000,0.000000,60.000000,60.000000,1,True
1001.000000,0.000000,0.000000,0.000000,0.000000,0.000000,0.000000,0.000000,0.003054952,0.000000,0.000000,0.000000,0.000000,60.000000,60.000000,1,True
1002.000000,0.000000,0.000000,0.000000,0.000000,0.000000,0.000000,0.000000,0.003054952,0.000000,0.000000,0.000000,0.000000,60.000000,60.000000,1,True
1003.000000,0.000000,0.000000,0.000000,0.000000,0.000000,0.000000,0.000000,0.003054952,0.000000,0.000000,0.000000,0.000000,60.000000,60.000000,1,True
1004.000000,0.000000,0.000000,0.000000,0.000000,0.000000,0.000000,0.000000,0.003054952,0.000000,0.000000,0.000000,0.000000,60.000000,60.000000,1,True
1005.000000,0.000000,0.000000,0.000000,0.000000,0.000000,0.000000,0.000000,0.003054952,0.000000,0.000000,0.000000,0.000000,60.000000,60.000000,1,True
1006.000000,0.000000,0.000000,0.000000,0.000000,0.000000,0.000000,0.000000,0.003054952,0.000000,0.000000,0.000000,0.000000,60.000000,60.000000,1,True
1007.000000,0.000000,0.000000,0.000000,0.000000,0.000000,0.000000,0.000000,0.003054952,0.000000,0.000000,0.000000,0.000000,60.000000,60.000000,1,True
1008.000000,0.000000,0.000000,0.000000,0.000000,0.000000,0.000000,0.000000,0.003054952,0.000000,0.000000,0.000000,0.000000,60.000000,60.000000,1,True
1009.000000,0.000000,0.000000,0.000000,0.000000,0.000000,0.000000,0.000000,0.003054952,0.000000,0.000000,0.000000,0.000000,60.000000,60.000000,1,True
1010.000000,0.000000,0.000000,0.000000,0.000000,0.000000,0.000000,0.000000,0.003054952,0.000000,0.000000,0.000000,0.000000,60.000000,60.000000,1,True
1011.000000,0.000000,0.000000,0.000000,0.000000,0.000000,0.000000,0.000000,0.003054952,0.000000,0.000000,0.000000,0.000000,60.000000,60.000000,1,True
1012.000000,0.000000,0.000000,0.000000,0.000000,0.000000,0.000000,0.000000,0.003054952,0.000000,0.000000,0.000000,0.000000,60.000000,60.000000,1,True
1013.000000,0.000000,0.000000,0.000000,0.000000,0.000000,0.000000,0.000000,0.003054952,0.000000,0.000000,0.000000,0.000000,60.000000,60.000000,1,True
1014.000000,0.000000,0.000000,0.000000,0.000000,0.000000,0.000000,0.000000,0.003054952,0.000000,0.000000,0.000000,0.000000,60.000000,60.000000,1,True
1015.000000,0.000000,0.000000,0.000000,0.000000,0.000000,0.000000,0.000000,0.003054952,0.000000,0.000000,0.000000,0.000000,60.000000,60.000000,1,True
1016.000000,0.000000,0.000000,0.000000,0.000000,0.000000,0.000000,0.000000,0.003054952,0.000000,0.000000,0.000000,0.000000,60.000000,60.000000,1,True
1017.000000,0.000000,0.000000,0.000000,0.000000,0.000000,0.000000,0.000000,0.003054952,0.000000,0.000000,0.000000,0.000000,60.000000,60.000000,1,True
1018.000000,0.000000,0.000000,0.000000,0.000000,0.000000,0.000000,0.000000,0.003054952,0.000000,0.000000,0.000000,0.000000,60.000000,60.000000,1,True
1019.000000,0.000000,0.000000,0.000000,0.000000,0.000000,0.000000,0.000000,0.003054952,0.000000,0.000000,0.000000,0.000000,60.000000,60.000000,1,True
1020.000000,0.000000,0.000000,0.000000,0.000000,0.000000,0.000000,0.000000,0.003054952,0.000000,0.000000,0.000000,0.000000,60.000000,60.000000,1,True
1021.000000,0.000000,0.000000,0.000000,0.000000,0.000000,0.000000,0.000000,0.003054952,0.000000,0.000000,0.000000,0.000000,60.000000,60.000000,1,True
1022.000000,0.000000,0.000000,0.000000,0.000000,0.000000,0.000000,0.000000,0.003054952,0.000000,0.000000,0.000000,0.000000,60.000000,60.000000,1,True
1023.000000,0.000000,0.000000,0.000000,0.000000,0.000000,0.000000,0.000000,0.003054952,0.000000,0.000000,0.000000,0.000000,60.000000,60.000000,1,True
1024.000000,0.000000,0.000000,0.000000,0.000000,0.000000,0.000000,0.000000,0.003054952,0.000000,0.000000,0.000000,0.000000,60.000000,60.000000,1,True
1025.000000,0.000000,0.000000,0.000000,0.000000,0.000000,0.000000,0.000000,0.003054952,0.000000,0.000000,0.000000,0.000000,60.000000,60.000000,1,True
1026.000000,0.000000,0.000000,0.000000,0.000000,0.000000,0.000000,0.000000,0.003054952,0.000000,0.000000,0.000000,0.000000,60.000000,60.000000,1,True
1027.000000,269.059903,269.059903,0.000000,0.706501,0.999143,0.706501,0.999143,0.003055324,0.004575,1.593032,1.597607,0.266268,60.000000,60.037277,3,True
1028.000000,2392.025821,2392.025821,0.000000,6.281013,8.882693,6.281013,8.882693,0.003059357,0.362085,14.161494,14.523579,2.420597,60.000000,60.340032,6,True
1029.000000,7867.601254,7867.601254,0.000000,20.658850,29.216026,20.658850,29.216026,0.003070715,3.931634,46.568776,50.500409,8.416735,60.000000,61.188945,8,True
1030.000000,13827.886836,13827.886836,0.000000,36.309446,51.349311,36.309446,51.349311,0.003084618,12.200059,81.827135,94.027194,15.671199,60.000000,62.231738,8,True
1031.000000,16470.828110,16470.828110,0.000000,43.249316,61.163769,43.249316,61.163769,0.003091566,17.348356,97.454426,114.802781,19.133797,60.000000,62.751527,7,True
1032.000000,17080.749832,17080.749832,0.000000,44.850857,63.428690,44.850857,63.428690,0.003093363,18.667823,101.059871,119.727694,19.954616,60.000000,62.886181,5,True
1033.000000,17800.579344,17800.579344,0.000000,46.740994,66.101748,46.740994,66.101748,0.003095273,20.286918,105.315121,125.602039,20.933673,60.000000,63.029496,5,True
1034.000000,18821.427962,18821.427962,0.000000,49.421552,69.892629,49.421552,69.892629,0.003098013,22.700596,111.349258,134.049854,22.341642,60.000000,63.231692,6,True
1035.000000,18377.871976,18377.871976,0.000000,48.256857,68.245501,48.256857,68.245501,0.003097171,21.637372,108.726821,130.364193,21.727365,60.000000,63.152464,4,True
1036.000000,16271.913334,16271.913334,0.000000,42.727003,60.425107,42.727003,60.425107,0.003091746,16.932845,96.277171,113.210016,18.868336,60.000000,62.750477,7,True
1037.000000,14748.146071,14748.146071,0.000000,38.725875,54.766658,38.725875,54.766658,0.003087858,13.892520,87.267619,101.160139,16.860023,60.000000,62.456741,6,True
1038.000000,15462.004343,15462.004343,0.000000,40.600333,57.417542,40.600333,57.417542,0.003089243,15.276807,91.489329,106.766135,17.794356,60.000000,62.577159,5,True
1039.000000,18345.640953,18345.640953,0.000000,48.172224,68.125813,48.172224,68.125813,0.003096543,21.557174,108.537386,130.094560,21.682427,60.000000,63.124097,7,True
1040.000000,20506.995916,20506.995916,0.000000,53.847538,76.151919,53.847538,76.151919,0.003102479,26.987447,121.311293,148.298740,24.716457,60.000000,63.565996,7,True
1041.000000,20524.532907,20524.532907,0.000000,53.893587,76.217042,53.893587,76.217042,0.003102699,27.035543,121.414545,148.450088,24.741681,60.000000,63.584967,2,True
1042.000000,17548.946758,17548.946758,0.000000,46.080254,65.167320,46.080254,65.167320,0.003095201,19.716956,103.826501,123.543457,20.590576,60.000000,63.006036,7,True
1043.000000,12415.862678,12415.862678,0.000000,32.601735,46.105815,32.601735,46.105815,0.003082393,9.828577,73.474422,83.303000,13.883833,60.000000,62.049485,8,True
1044.000000,7682.081624,7682.081624,0.000000,20.171711,28.527107,20.171711,28.527107,0.003071342,3.749168,45.470150,49.219318,8.203220,60.000000,61.222847,8,True
1045.000000,5245.259817,5245.259817,0.000000,13.773072,19.478065,13.773072,19.478065,0.003065845,1.744749,31.049769,32.794519,5.465753,60.000000,60.810795,7,True
1046.000000,5259.358566,5259.358566,0.000000,13.810093,19.530420,13.810093,19.530420,0.003065668,1.754040,31.133329,32.887370,5.481228,60.000000,60.797202,2,True
1047.000000,5702.356985,5702.356985,0.000000,14.973324,21.175477,14.973324,21.175477,0.003066351,2.062432,33.755281,35.817713,5.969619,60.000000,60.863485,4,True
1048.000000,4067.114384,4067.114384,-0.000000,10.679482,15.103069,10.679482,15.103069,0.003063262,1.048107,24.076779,25.124887,4.187481,60.000000,60.615806,6,True
1049.000000,-64.002984,-64.002984,0.000000,0.168060,0.237673,0.168060,0.237673,0.003055486,0.000259,0.378943,0.379202,0.063200,60.000000,60.030967,7,True
1050.000000,-3607.339877,-3607.339877,0.000000,9.472200,13.395714,9.472200,13.395714,0.003061791,0.824135,21.355553,22.179688,3.696615,60.000000,60.520829,7,True
1051.000000,-6219.526434,-6219.526434,0.000000,16.331314,23.095966,16.331314,23.095966,0.003067299,2.454255,36.816040,39.270295,6.545049,60.000000,60.932710,7,True
1052.000000,-7672.902634,-7672.902634,0.000000,20.147608,28.493021,20.147608,28.493021,0.003070548,3.739247,45.416483,49.155730,8.192622,60.000000,61.177456,6,True
1053.000000,-9148.476304,-9148.476304,0.000000,24.022189,33.972505,24.022189,33.972505,0.003073878,5.321487,54.147199,59.468686,9.911448,60.000000,61.427131,6,True
1054.000000,-11195.987018,-11195.987018,0.000000,29.398569,41.575855,29.398569,41.575855,0.003078626,7.982347,66.260044,74.242391,12.373732,60.000000,61.780506,7,True
1055.000000,-13459.181342,-13459.181342,0.000000,35.341295,49.980138,35.341295,49.980138,0.003084058,11.556033,79.646123,91.202156,15.200359,60.000000,62.188044,7,True
1056.000000,-15196.108004,-15196.108004,0.000000,39.902139,56.430147,39.902139,56.430147,0.003088459,14.752156,89.917303,104.669459,17.444910,60.000000,62.516096,7,True
1057.000000,-14486.297248,-14486.297248,-0.000000,38.038309,53.794292,38.038309,53.794292,0.003087051,13.400081,85.719479,99.119560,16.519927,60.000000,62.398176,5,True
1058.000000,-10919.821098,-10919.821098,0.000000,28.673409,40.550324,28.673409,40.550324,0.003078666,7.593509,64.625592,72.219101,12.036517,60.000000,61.768094,7,True
1059.000000,-8037.151056,-8037.151056,0.000000,21.104056,29.845643,21.104056,29.845643,0.003071977,4.104602,47.571247,51.675849,8.612642,60.000000,61.269076,7,True
1060.000000,-5519.730265,-5519.730265,0.000000,14.493780,20.497300,14.493780,20.497300,0.003066413,1.932481,32.674180,34.606660,5.767777,60.000000,60.853325,7,True
1061.000000,-2564.791547,-2564.791547,0.000000,6.734663,9.524252,6.734663,9.524252,0.003060313,0.416408,15.184051,15.600458,2.600076,60.000000,60.395178,7,True
1062.000000,-335.092505,-335.092505,0.000000,0.879890,1.244353,0.879890,1.244353,0.003055847,0.007098,1.983974,1.991072,0.331845,60.000000,60.061948,7,True
1063.000000,1436.519026,1436.519026,0.000000,3.772030,5.334457,3.772030,5.334457,0.003057565,0.130511,8.504894,8.635405,1.439234,60.000000,60.205047,5,True
1064.000000,4220.544357,4220.544357,0.000000,11.082361,15.672825,11.082361,15.672825,0.003063076,1.128609,24.985150,26.113759,4.352293,60.000000,60.616018,7,True
1065.000000,9539.324004,9539.324004,0.000000,25.048482,35.423903,25.048482,35.423903,0.003074493,5.787055,56.459875,62.246931,10.374488,60.000000,61.472126,8,True
1066.000000,13279.360649,13279.360649,0.000000,34.869119,49.312381,34.869119,49.312381,0.003083478,11.247192,78.582852,89.830044,14.971674,60.000000,62.143499,8,True
1067.000000,9975.706319,9975.706319,0.000000,26.194340,37.044391,26.194340,37.044391,0.003076357,6.332467,59.040645,65.373112,10.895519,60.000000,61.596478,7,True
1068.000000,4925.926020,4925.926020,0.000000,12.934561,18.292232,12.934561,18.292232,0.003065341,1.538521,29.159715,30.698237,5.116373,60.000000,60.773048,8,True
1069.000000,5051.678687,5051.678687,0.000000,13.264764,18.759209,13.264764,18.759209,0.003065256,1.618032,29.904173,31.522205,5.253701,60.000000,60.765371,1,True
1070.000000,9015.891375,9015.891375,0.000000,23.674046,33.480156,23.674046,33.480156,0.003073389,5.167538,53.362947,58.530485,9.755081,60.000000,61.392471,7,True
1071.000000,13912.823849,13912.823849,0.000000,36.532475,51.664722,36.532475,51.664722,0.003084948,12.351715,82.329256,94.680971,15.780162,60.000000,62.254982,8,True
1072.000000,18137.197494,18137.197494,0.000000,47.624891,67.351766,47.624891,67.351766,0.003095845,21.065337,107.305558,128.370895,21.395149,60.000000,63.069681,8,True
1073.000000,23503.642051,23503.642051,0.000000,61.716171,87.279846,61.716171,87.279846,0.003110618,35.543969,139.017526,174.561495,29.093582,60.000000,64.175609,8,True
1074.000000,31020.169710,31020.169710,0.000000,81.453168,115.192175,81.453168,115.192175,0.003133425,62.367236,183.399110,245.766346,40.961058,60.000000,65.874130,9,True
1075.000000,37171.340931,37171.340931,0.000000,97.604994,138.034306,97.604994,138.034306,0.003154281,90.150004,219.682643,309.832647,51.638775,60.000000,67.425298,9,True
1076.000000,37495.649014,37495.649014,0.000000,98.456566,139.238611,98.456566,139.238611,0.003156086,91.782398,221.592004,313.374402,52.229067,60.000000,67.561725,5,True
1077.000000,33623.847078,33623.847078,0.000000,88.289938,124.860828,88.289938,124.860828,0.003143540,73.512755,198.755949,272.268704,45.378117,60.000000,66.612508,8,True
1078.000000,29114.745034,29114.745034,0.000000,76.449879,108.116455,76.449879,108.116455,0.003128991,54.862955,172.147718,227.010673,37.835112,60.000000,65.528284,8,True
1079.000000,26851.502968,26851.502968,0.000000,70.507028,99.711995,70.507028,99.711995,0.003121719,46.556446,158.786907,205.343353,34.223892,60.000000,64.986301,7,True
1080.000000,22768.011246,22768.011246,0.000000,59.784542,84.548110,59.784542,84.548110,0.003109747,33.344491,134.668624,168.013115,28.002186,60.000000,64.094691,8,True
1081.000000,14080.018930,14080.018930,0.000000,36.971498,52.285594,36.971498,52.285594,0.003086854,12.658184,83.315718,95.973902,15.995650,60.000000,62.384111,9,True
1082.000000,4844.563847,4844.563847,0.000000,12.720919,17.990096,12.720919,17.990096,0.003065601,1.488243,28.677944,30.166187,5.027698,60.000000,60.792726,9,True
1083.000000,-3072.547932,-3072.547932,0.000000,8.067937,11.409785,8.067937,11.409785,0.003061312,0.597797,18.189730,18.787527,3.131255,60.000000,60.472243,7,True
1084.000000,-6273.289799,-6273.289799,0.000000,16.472486,23.295614,16.472486,23.295614,0.003067423,2.496969,37.134204,39.631173,6.605196,60.000000,60.942879,7,True
1085.000000,-3592.132001,-3592.132001,0.000000,9.432267,13.339240,9.432267,13.339240,0.003062314,0.817341,21.265317,22.082658,3.680443,60.000000,60.546250,7,True
1086.000000,1526.573755,1526.573755,0.000000,4.008497,5.668871,4.008497,5.668871,0.003058206,0.147418,9.037956,9.185374,1.530896,60.000000,60.234452,6,True
1087.000000,5188.068950,5188.068950,0.000000,13.622899,19.265689,13.622899,19.265689,0.003065048,1.706466,30.711673,32.418139,5.403023,60.000000,60.765786,7,True
1088.000000,5660.518528,5660.518528,0.000000,14.863464,21.020112,14.863464,21.020112,0.003066260,2.032218,33.507673,35.539891,5.923315,60.000000,60.853861,5,True
1089.000000,5216.058475,5216.058475,0.000000,13.696395,19.369627,13.696395,19.369627,0.003065584,1.725230,30.877058,32.602288,5.433715,60.000000,60.789649,4,True
1090.000000,4756.809517,4756.809517,0.000000,12.490493,17.664224,12.490493,17.664224,0.003064640,1.434366,28.158970,29.593335,4.932223,60.000000,60.717921,4,True
1091.000000,6134.556442,6134.556442,0.000000,16.108199,22.780433,16.108199,22.780433,0.003067235,2.387604,36.313109,38.700713,6.450119,60.000000,60.928054,6,True
1092.000000,10797.344922,10797.344922,0.000000,28.351810,40.095514,28.351810,40.095514,0.003077484,7.421278,63.902142,71.323420,11.887237,60.000000,61.695476,8,True
1093.000000,17135.629299,17135.629299,0.000000,44.994960,63.632482,44.994960,63.632482,0.003092998,18.785752,101.385251,120.171004,20.028501,60.000000,62.859566,8,True
1094.000000,19127.071021,19127.071021,0.000000,50.224113,71.027622,50.224113,71.027622,0.003098676,23.448870,113.156095,136.604965,22.767494,60.000000,63.281486,7,True
1095.000000,15177.665693,15177.665693,0.000000,39.853713,56.361662,39.853713,56.361662,0.003089059,14.719229,89.807189,104.526417,17.421070,60.000000,62.550074,8,True
1096.000000,9915.667128,9915.667128,0.000000,26.036689,36.821438,26.036689,36.821438,0.003076465,6.256691,58.685190,64.941881,10.823647,60.000000,61.605707,8,True
1097.000000,4469.045424,4469.045424,0.000000,11.734878,16.595624,11.734878,16.595624,0.003064454,1.265994,26.455578,27.721571,4.620262,60.000000,60.705925,8,True
1098.000000,-1556.866989,-1556.866989,0.000000,4.088042,5.781364,4.088042,5.781364,0.003058334,0.153333,9.217282,9.370616,1.561769,60.000000,60.246679,7,True
1099.000000,-6368.185237,-6368.185237,0.000000,16.721664,23.648004,16.721664,23.648004,0.003067545,2.573186,37.695845,40.269031,6.711505,60.000000,60.950190,8,True
1100.000000,-6812.054604,-6812.054604,0.000000,17.887182,25.296296,17.887182,25.296296,0.003068741,2.945543,40.322399,43.267942,7.211324,60.000000,61.039995,5,True
1101.000000,-2446.745830,-2446.745830,0.000000,6.424697,9.085894,6.424697,9.085894,0.003060112,0.378934,14.485251,14.864186,2.477364,60.000000,60.382114,8,True
1102.000000,4247.934492,4247.934492,0.000000,11.154282,15.774537,11.154282,15.774537,0.003063232,1.143364,25.147225,26.290588,4.381765,60.000000,60.628971,6,True
1103.000000,13023.290998,13023.290998,0.000000,34.196728,48.361477,34.196728,48.361477,0.003082513,10.814222,77.068883,87.883105,14.647184,60.000000,62.071640,9,True
1104.000000,21401.186265,21401.186265,0.000000,56.195515,79.472460,56.195515,79.472460,0.003104363,29.410138,126.596597,156.006735,26.001122,60.000000,63.706241,9,True
1105.000000,23240.275617,23240.275617,0.000000,61.024620,86.301845,61.024620,86.301845,0.003110159,34.746740,137.460942,172.207682,28.701280,60.000000,64.139427,7,True
1106.000000,16447.008375,16447.008375,0.000000,43.186770,61.075316,43.186770,61.075316,0.003092592,17.303952,97.311658,114.615610,19.102602,60.000000,62.814821,9,True
1107.000000,8074.393784,8074.393784,-0.000000,21.201849,29.983942,21.201849,29.983942,0.003072544,4.143495,47.791186,51.934680,8.655780,60.000000,61.313480,9,True
1108.000000,510.888147,510.888147,0.000000,1.341497,1.897163,1.341497,1.897163,0.003056704,0.016503,3.024755,3.041258,0.506876,60.000000,60.122241,8,True
1109.000000,-4001.858847,-4001.858847,0.000000,10.508133,14.860745,10.508133,14.860745,0.003062661,1.014545,23.690737,24.705282,4.117547,60.000000,60.585669,7,True
1110.000000,-3662.490348,-3662.490348,0.000000,9.617015,13.600513,9.617015,13.600513,0.003062280,0.849663,21.681850,22.531513,3.755252,60.000000,60.544765,4,True
1111.000000,1736.282855,1736.282855,0.000000,4.559154,6.447618,4.559154,6.447618,0.003058575,0.190726,10.279451,10.470177,1.745030,60.000000,60.263115,6,True
1112.000000,11798.984886,11798.984886,0.000000,30.981929,43.815064,30.981929,43.815064,0.003079496,8.867840,69.827587,78.695427,13.115904,60.000000,61.846334,9,True
1113.000000,24836.442110,24836.442110,-0.000000,65.215855,92.229146,65.215855,92.229146,0.003113841,39.730508,146.891993,186.622501,31.103750,60.000000,64.412505,10,True
1114.000000,33215.842203,33215.842203,0.000000,87.218593,123.345718,87.218593,123.345718,0.003140419,71.668287,196.355368,268.023655,44.670609,60.000000,66.396041,9,True
1115.000000,27867.163448,27867.163448,0.000000,73.173963,103.483610,73.173963,103.483610,0.003124976,50.197390,164.783208,214.980598,35.830100,60.000000,65.228443,8,True
1116.000000,15531.397675,15531.397675,0.000000,40.782547,57.675232,40.782547,57.675232,0.003090957,15.422791,91.897041,107.319831,17.886639,60.000000,62.687812,9,True
1117.000000,5821.325797,5821.325797,0.000000,15.285713,21.617263,15.285713,21.617263,0.003067793,2.150398,34.458607,36.609005,6.101501,60.000000,60.956556,9,True
1118.000000,-1454.084274,-1454.084274,0.000000,3.818154,5.399684,3.818154,5.399684,0.003058282,0.133754,8.608776,8.742529,1.457088,60.000000,60.244342,8,True
1119.000000,-4102.548818,-4102.548818,0.000000,10.772526,15.234653,10.772526,15.234653,0.003062919,1.066331,24.286700,25.353031,4.225505,60.000000,60.603386,7,True
1120.000000,-2470.058436,-2470.058436,0.000000,6.485912,9.172464,6.485912,9.172464,0.003059980,0.386173,14.623302,15.009475,2.501579,60.000000,60.370073,6,True
1121.000000,-242.188460,-242.188460,0.000000,0.635942,0.899357,0.635942,0.899357,0.003055646,0.003707,1.433925,1.437632,0.239605,60.000000,60.047059,7,True
1122.000000,-576.458344,-576.458344,0.000000,1.513672,2.140655,1.513672,2.140655,0.003055938,0.021005,3.413017,3.434022,0.572337,60.000000,60.083013,3,True
1123.000000,-4348.906122,-4348.906122,0.000000,11.419415,16.149491,11.419415,16.149491,0.003063255,1.198373,25.744953,26.943326,4.490554,60.000000,60.631543,7,True
1124.000000,-10685.939776,-10685.939776,0.000000,28.059281,39.681815,28.059281,39.681815,0.003077050,7.267899,63.243316,70.511215,11.751869,60.000000,61.665031,8,True
1125.000000,-18420.952909,-18420.952909,0.000000,48.369979,68.405481,48.369979,68.405481,0.003096307,21.732867,108.983424,130.716291,21.786048,60.000000,63.103464,9,True
1126.000000,-23625.593276,-23625.593276,0.000000,62.036392,87.732707,62.036392,87.732707,0.003110945,35.917551,139.737995,175.655546,29.275924,60.000000,64.199954,8,True
1127.000000,-23456.608722,-23456.608722,0.000000,61.592670,87.105190,61.592670,87.105190,0.003111062,35.406908,138.738208,174.145116,29.024186,60.000000,64.203593,1,True
1128.000000,-20664.954851,-20664.954851,0.000000,54.262309,76.738493,54.262309,76.738493,0.003103636,27.415017,122.243123,149.658140,24.943023,60.000000,63.636471,7,True
1129.000000,-15711.349929,-15711.349929,0.000000,41.255068,58.343477,41.255068,58.343477,0.003090618,15.780514,92.962372,108.742886,18.123814,60.000000,62.664753,8,True
1130.000000,-11096.618073,-11096.618073,0.000000,29.137645,41.206853,29.137645,41.206853,0.003079196,7.842735,65.671271,73.514006,12.252334,60.000000,61.810988,8,True
1131.000000,-8852.705039,-8852.705039,0.000000,23.245549,32.874170,23.245549,32.874170,0.003073769,4.982785,52.396718,57.379503,9.563251,60.000000,61.404830,7,True
1132.000000,-7901.717191,-7901.717191,0.000000,20.748432,29.342715,20.748432,29.342715,0.003071478,3.966791,46.770054,50.736844,8.456141,60.000000,61.234164,6,True
1133.000000,-7715.370320,-7715.370320,0.000000,20.259120,28.650723,20.259120,28.650723,0.003071037,3.781355,45.667442,49.448797,8.241466,60.000000,61.197185,3,True
1134.000000,-7132.827810,-7132.827810,-0.000000,18.729473,26.487474,18.729473,26.487474,0.003069723,3.230514,42.220380,45.450894,7.575149,60.000000,61.102026,5,True
1135.000000,-5563.117467,-5563.117467,0.000000,14.607707,20.658417,14.607707,20.658417,0.003066420,1.962985,32.931007,34.893992,5.815665,60.000000,60.852566,6,True
1136.000000,-3191.866383,-3191.866383,0.000000,8.381245,11.852870,8.381245,11.852870,0.003061509,0.645169,18.896036,19.541206,3.256868,60.000000,60.486313,7,True
1137.000000,-965.217153,-965.217153,-0.000000,2.534480,3.584296,2.534480,3.584296,0.003057059,0.058912,5.714610,5.773522,0.962254,60.000000,60.152927,7,True
1138.000000,471.695707,471.695707,0.000000,1.238585,1.751623,1.238585,1.751623,0.003055980,0.014064,2.792750,2.806815,0.467802,60.000000,60.072140,5,True
1139.000000,1257.137756,1257.137756,0.000000,3.301009,4.668331,3.301009,4.668331,0.003057247,0.099941,7.442913,7.542854,1.257142,60.000000,60.178929,5,True
1140.000000,1740.578876,1740.578876,0.000000,4.570435,6.463571,4.570435,6.463571,0.003058173,0.191645,10.304962,10.496607,1.749435,60.000000,60.250747,4,True
1141.000000,2981.221688,2981.221688,0.000000,7.828131,11.070649,7.828131,11.070649,0.003060650,0.562666,17.649286,18.211953,3.035325,60.000000,60.433293,6,True
1142.000000,6060.861739,6060.861739,0.000000,15.914690,22.506771,15.914690,22.506771,0.003066927,2.330350,35.877081,38.207431,6.367905,60.000000,60.905748,7,True
1143.000000,10205.055812,10205.055812,0.000000,26.796569,37.896072,26.796569,37.896072,0.003076129,6.626500,60.398290,67.024790,11.170798,60.000000,61.593340,8,True
1144.000000,10639.500772,10639.500772,0.000000,27.937340,39.509366,27.937340,39.509366,0.003077406,7.205700,62.968061,70.173761,11.695627,60.000000,61.689621,5,True
1145.000000,5836.960400,5836.960400,0.000000,15.326767,21.675322,15.326767,21.675322,0.003067220,2.161560,34.551518,36.713078,6.118846,60.000000,60.914261,8,True
1146.000000,-1116.356381,-1116.356381,0.000000,2.931343,4.145545,2.931343,4.145545,0.003057563,0.078819,6.609375,6.688194,1.114699,60.000000,60.190355,8,True
1147.000000,-7259.728420,-7259.728420,-0.000000,19.062690,26.958715,19.062690,26.958715,0.003069393,3.346125,42.971787,46.317911,7.719652,60.000000,61.090260,8,True
1148.000000,-6837.885139,-6837.885139,0.000000,17.955008,25.392216,17.955008,25.392216,0.003068997,2.968171,40.475106,43.443278,7.240546,60.000000,61.048289,4,True
1149.000000,-3105.596868,-3105.596868,0.000000,8.154717,11.532511,8.154717,11.532511,0.003061457,0.610755,18.385334,18.996089,3.166015,60.000000,60.479227,7,True
1150.000000,-623.871070,-623.871070,0.000000,1.638169,2.316721,1.638169,2.316721,0.003056433,0.024607,3.693698,3.718305,0.619718,60.000000,60.105352,7,True
1151.000000,674.637332,674.637332,0.000000,1.771472,2.505239,1.771472,2.505239,0.003056355,0.028774,3.994271,4.023045,0.670507,60.000000,60.099092,1,True
1152.000000,2455.398649,2455.398649,0.000000,6.447418,9.118026,6.447418,9.118026,0.003059533,0.381547,14.536633,14.918180,2.486363,60.000000,60.351699,6,True
1153.000000,8168.898559,8168.898559,0.000000,21.450001,30.334882,21.450001,30.334882,0.003071370,4.239436,48.351589,52.591025,8.765171,60.000000,61.238347,8,True
1154.000000,17531.744891,17531.744891,0.000000,46.035085,65.103442,46.035085,65.103442,0.003093821,19.669549,103.727354,123.396904,20.566151,60.000000,62.918620,9,True
1155.000000,23066.367602,23066.367602,0.000000,60.567970,85.656045,60.567970,85.656045,0.003109279,34.218976,136.434516,170.653493,28.442249,60.000000,64.076050,8,True
1156.000000,22089.618957,22089.618957,0.000000,58.003211,82.028927,58.003211,82.028927,0.003107329,31.362634,130.661848,162.024482,27.004080,60.000000,63.916196,6,True
1157.000000,24326.741167,24326.741167,0.000000,63.877475,90.336392,63.877475,90.336392,0.003113396,38.111069,143.878605,181.989674,30.331612,60.000000,64.381529,7,True
1158.000000,31163.936703,31163.936703,0.000000,81.830673,115.726048,81.830673,115.726048,0.003134016,62.958555,184.247104,247.205659,41.200943,60.000000,65.917522,9,True
1159.000000,39271.969921,39271.969921,0.000000,103.120853,145.834909,103.120853,145.834909,0.003161538,100.858520,232.066620,332.925140,55.487523,60.000000,67.966502,9,True
1160.000000,43287.941739,43287.941739,0.000000,113.666044,160.748061,113.666044,160.748061,0.003176889,123.135911,255.726265,378.862176,63.143696,60.000000,69.106706,8,True
1161.000000,41524.274639,41524.274639,0.000000,109.034984,154.198753,109.034984,154.198753,0.003171259,113.105770,245.332465,358.438235,59.739706,60.000000,68.672546,7,True
1162.000000,39386.489392,39386.489392,0.000000,103.421559,146.260172,103.421559,146.260172,0.003163565,101.512661,232.734729,334.247390,55.707898,60.000000,68.099214,7,True
1163.000000,39708.272621,39708.272621,0.000000,104.266502,147.455101,104.266502,147.455101,0.003164204,103.198949,234.633413,337.832362,56.305394,60.000000,68.164250,4,True
1164.000000,40659.416235,40659.416235,0.000000,106.764027,150.987136,106.764027,150.987136,0.003167577,108.317421,240.238870,348.556290,58.092715,60.000000,68.414503,6,True
1165.000000,41414.592850,41414.592850,0.000000,108.746980,153.791454,108.746980,153.791454,0.003170406,112.478774,244.688254,357.167028,59.527838,60.000000,68.623136,6,True
1166.000000,32406.593426,32406.593426,0.000000,85.093657,120.340604,85.093657,120.340604,0.003140142,68.212654,191.572466,259.785119,43.297520,60.000000,66.358141,9,True
1167.000000,22317.343953,22317.343953,0.000000,58.601174,82.874575,58.601174,82.874575,0.003109242,32.032326,132.004229,164.036556,27.339426,60.000000,64.054968,9,True
1168.000000,25722.290888,25722.290888,0.000000,67.541928,95.518711,67.541928,95.518711,0.003117617,42.666889,152.120712,194.787601,32.464600,60.000000,64.694174,8,True
1169.000000,28922.944494,28922.944494,-0.000000,75.946246,107.404212,75.946246,107.404212,0.003127258,54.112493,171.019078,225.131571,37.521929,60.000000,65.413586,8,True
1170.000000,27894.920484,27894.920484,0.000000,73.246847,103.586685,73.246847,103.586685,0.003124641,50.292033,164.948354,215.240387,35.873398,60.000000,65.206173,6,True
1171.000000,27375.129361,27375.129361,0.000000,71.881973,101.656461,71.881973,101.656461,0.003123052,48.410591,161.879432,210.290022,35.048337,60.000000,65.086755,5,True
1172.000000,26138.965235,26138.965235,0.000000,68.636037,97.066015,68.636037,97.066015,0.003119375,44.085238,154.579935,198.665172,33.110862,60.000000,64.811413,6,True
1173.000000,24760.229073,24760.229073,0.000000,65.015734,91.946132,65.015734,91.946132,0.003115288,39.505394,146.437360,185.942754,30.990459,60.000000,64.505635,6,True
1174.000000,23940.657545,23940.657545,0.000000,62.863692,88.902686,62.863692,88.902686,0.003112770,36.903543,141.596768,178.500311,29.750052,60.000000,64.321606,6,True
1175.000000,22390.286137,22390.286137,0.000000,58.792706,83.145443,58.792706,83.145443,0.003108348,32.232784,132.437844,164.670628,27.445105,60.000000,63.992140,7,True
1176.000000,20722.611874,20722.611874,0.000000,54.413706,76.952600,54.413706,76.952600,0.003103670,27.568521,122.584114,150.152635,25.025439,60.000000,63.642513,7,True
1177.000000,20330.814572,20330.814572,0.000000,53.384919,75.497677,53.384919,75.497677,0.003102464,26.525598,120.269107,146.794705,24.465784,60.000000,63.552231,5,True
1178.000000,21969.835102,21969.835102,0.000000,57.688681,81.584115,57.688681,81.584115,0.003106694,31.017079,129.954830,160.971909,26.828652,60.000000,63.878983,7,True
1179.000000,23713.216907,23713.216907,0.000000,62.266475,88.058094,62.266475,88.058094,0.003111650,36.192666,140.254451,176.447117,29.407853,60.000000,64.249712,7,True
1180.000000,24099.971560,24099.971560,0.000000,63.282021,89.494292,63.282021,89.494292,0.003112907,37.397978,142.538671,179.936649,29.989441,60.000000,64.343585,5,True
1181.000000,23786.994748,23786.994748,0.000000,62.460202,88.332065,62.460202,88.332065,0.003112265,36.425418,140.689234,177.114652,29.519109,60.000000,64.281953,4,True
1182.000000,22002.842006,22002.842006,0.000000,57.775351,81.706684,57.775351,81.706684,0.003107266,31.116077,130.148706,161.264783,26.877464,60.000000,63.910671,7,True
1183.000000,20110.811488,20110.811488,0.000000,52.807232,74.680704,52.807232,74.680704,0.003102009,25.950818,118.968649,144.919467,24.153244,60.000000,63.517683,7,True
1184.000000,18876.500256,18876.500256,0.000000,49.566162,70.097138,49.566162,70.097138,0.003098605,22.837998,111.673859,134.511856,22.418643,60.000000,63.261495,6,True
1185.000000,16868.320960,16868.320960,0.000000,44.293058,62.639843,44.293058,62.639843,0.003093304,18.206029,99.803124,118.009153,19.668192,60.000000,62.867119,7,True
1186.000000,13325.802306,13325.802306,0.000000,34.991066,49.484840,34.991066,49.484840,0.003084437,11.329519,78.856291,90.185809,15.030968,60.000000,62.204763,8,True
1187.000000,11144.369702,11144.369702,0.000000,29.263032,41.384177,29.263032,41.384177,0.003079073,7.910061,65.954021,73.864082,12.310680,60.000000,61.802113,7,True
1188.000000,11144.369702,11144.369702,0.000000,29.263032,41.384177,29.263032,41.384177,0.003078890,7.909592,65.954242,73.863835,12.310639,60.000000,61.787381,2,True
1189.000000,11144.369702,11144.369702,0.000000,29.263032,41.384177,29.263032,41.384177,0.003078792,7.909340,65.954361,73.863701,12.310617,60.000000,61.785360,1,True
1190.000000,11144.369702,11144.369702,0.000000,29.263032,41.384177,29.263032,41.384177,0.003078765,7.909270,65.954394,73.863665,12.310611,60.000000,61.785082,1,True
1191.000000,11144.369702,11144.369702,0.000000,29.263032,41.384177,29.263032,41.384177,0.003078761,7.909261,65.954399,73.863660,12.310610,60.000000,61.785044,1,True
1192.000000,11144.369702,11144.369702,0.000000,29.263032,41.384177,29.263032,41.384177,0.003078761,7.909260,65.954399,73.863659,12.310610,60.000000,61.785039,1,True
1193.000000,11144.369702,11144.369702,0.000000,29.263032,41.384177,29.263032,41.384177,0.003078761,7.909259,65.954399,73.863659,12.310610,60.000000,61.785039,1,True
1194.000000,11144.369702,11144.369702,0.000000,29.263032,41.384177,29.263032,41.384177,0.003078761,7.909259,65.954399,73.863659,12.310610,60.000000,61.785038,1,True
1195.000000,11871.513912,11871.513912,0.000000,31.172377,44.084398,31.172377,44.084398,0.003080330,8.979627,70.255745,79.235372,13.205895,60.000000,61.910378,5,True
1196.000000,11897.197269,11897.197269,0.000000,31.239816,44.179772,31.239816,44.179772,0.003080435,9.018830,70.407604,79.426434,13.237739,60.000000,61.918700,1,True
1197.000000,11897.197269,11897.197269,0.000000,31.239816,44.179772,31.239816,44.179772,0.003080546,9.019155,70.407460,79.426615,13.237769,60.000000,61.919371,1,True
1198.000000,14837.747374,14837.747374,-0.000000,38.961151,55.099389,38.961151,55.099389,0.003087439,14.059933,87.798482,101.858415,16.976402,60.000000,62.442871,7,True
1199.000000,17880.883020,17880.883020,0.000000,46.951857,66.399953,46.951857,66.399953,0.003095255,20.470255,105.790262,126.260518,21.043420,60.000000,63.028398,7,True
1200.000000,20985.156051,20985.156051,0.000000,55.103097,77.927548,55.103097,77.927548,0.003103675,28.271539,124.137178,152.408717,25.401453,60.000000,63.658283,7,True
1201.000000,23496.421171,23496.421171,0.000000,61.697210,87.253032,61.697210,87.253032,0.003110885,35.525179,138.974137,174.499316,29.083219,60.000000,64.195243,7,True
1202.000000,22306.732202,22306.732202,0.000000,58.573309,82.835169,58.573309,82.835169,0.003108045,31.989548,131.944357,163.933906,27.322318,60.000000,63.967551,6,True
1203.000000,19517.564570,19517.564570,0.000000,51.249477,72.477705,51.249477,72.477705,0.003100491,24.430401,115.462417,139.892818,23.315470,60.000000,63.401574,7,True
1204.000000,16630.096122,16630.096122,0.000000,43.667524,61.755205,43.667524,61.755205,0.003092821,17.692659,98.394516,116.087175,19.347863,60.000000,62.828132,7,True
1205.000000,14419.644263,14419.644263,-0.000000,37.863291,53.546779,37.863291,53.546779,0.003087074,13.277152,85.325039,98.602191,16.433699,60.000000,62.400566,7,True
1206.000000,13690.161504,13690.161504,0.000000,35.947805,50.837874,35.947805,50.837874,0.003085147,11.960294,81.011353,92.971647,15.495275,60.000000,62.253929,5,True
1207.000000,13718.326710,13718.326710,0.000000,36.021762,50.942464,36.021762,50.942464,0.003085024,12.009080,81.178203,93.187283,15.531214,60.000000,62.252821,1,True
1208.000000,13746.535354,13746.535354,0.000000,36.095833,51.047216,36.095833,51.047216,0.003085009,12.058461,81.345150,93.403611,15.567268,60.000000,62.257183,1,True
1209.000000,13014.058734,13014.058734,0.000000,34.172486,48.327193,34.172486,48.327193,0.003083435,10.802126,77.012944,87.815070,14.635845,60.000000,62.126845,5,True
1210.000000,12253.329990,12253.329990,0.000000,32.174954,45.502257,32.174954,45.502257,0.003081601,9.570477,72.513643,82.084120,13.680687,60.000000,61.989112,5,True
1211.000000,12253.329990,12253.329990,0.000000,32.174954,45.502257,32.174954,45.502257,0.003081486,9.570119,72.513796,82.083916,13.680653,60.000000,61.984436,1,True
1212.000000,11492.601246,11492.601246,0.000000,30.177423,42.677321,30.177423,42.677321,0.003079763,8.414008,68.014044,76.428051,12.738009,60.000000,61.851826,5,True
1213.000000,11466.692228,11466.692228,0.000000,30.109391,42.581109,30.109391,42.581109,0.003079653,8.375812,67.860850,76.236662,12.706110,60.000000,61.843205,1,True
1214.000000,12226.639937,12226.639937,0.000000,32.104871,45.403144,32.104871,45.403144,0.003081178,9.527522,72.356257,81.883779,13.647296,60.000000,61.974264,5,True
1215.000000,12226.639937,12226.639937,0.000000,32.104871,45.403144,32.104871,45.403144,0.003081288,9.527861,72.356111,81.883972,13.647329,60.000000,61.978233,1,True
1216.000000,11466.692228,11466.692228,0.000000,30.109391,42.581109,30.109391,42.581109,0.003079698,8.375935,67.860794,76.236729,12.706121,60.000000,61.847007,5,True
1217.000000,10681.660020,10681.660020,0.000000,28.048043,39.665922,28.048043,39.665922,0.003077857,7.263983,63.217049,70.481032,11.746839,60.000000,61.708721,5,True
1218.000000,10656.618955,10656.618955,0.000000,27.982290,39.572933,27.982290,39.572933,0.003077742,7.229694,63.068983,70.298677,11.716446,60.000000,61.699780,1,True
1219.000000,10631.621310,10631.621310,0.000000,27.916650,39.480106,27.916650,39.480106,0.003077622,7.195536,62.921178,70.116714,11.686119,60.000000,61.694762,1,True
1220.000000,9849.843420,9849.843420,0.000000,25.863848,36.577004,25.863848,36.577004,0.003075903,6.172771,58.296219,64.468990,10.744832,60.000000,61.562745,5,True
1221.000000,8291.103715,8291.103715,0.000000,21.770889,30.788686,21.770889,30.788686,0.003072413,4.368709,49.073979,53.442688,8.907115,60.000000,61.301370,6,True
1222.000000,7470.870453,7470.870453,0.000000,19.617109,27.742782,19.617109,27.742782,0.003070540,3.544917,44.220646,47.765563,7.960927,60.000000,61.160413,5,True
1223.000000,6655.711116,6655.711116,0.000000,17.476653,24.715720,17.476653,24.715720,0.003068736,2.811883,39.396963,42.208847,7.034808,60.000000,61.025511,5,True
1224.000000,7320.775367,7320.775367,0.000000,19.222988,27.185410,19.222988,27.185410,0.003069885,3.403182,43.332743,46.735925,7.789321,60.000000,61.126427,5,True
1225.000000,8770.054721,8770.054721,0.000000,23.028525,32.567252,23.028525,32.567252,0.003073038,4.889015,51.908232,56.797247,9.466208,60.000000,61.363801,6,True
1226.000000,9468.929501,9468.929501,0.000000,24.863639,35.162496,24.863639,35.162496,0.003074677,5.702300,56.043046,61.745347,10.290891,60.000000,61.486850,5,True
1227.000000,9445.486301,9445.486301,0.000000,24.802082,35.075440,24.802082,35.075440,0.003074779,5.674289,55.904189,61.578479,10.263080,60.000000,61.487556,1,True
1228.000000,9398.727433,9398.727433,0.000000,24.679302,34.901803,24.679302,34.901803,0.003074789,5.618266,55.627432,61.245698,10.207616,60.000000,61.480301,1,True
1229.000000,9375.411701,9375.411701,0.000000,24.618079,34.815221,24.618079,34.815221,0.003074692,5.590249,55.489534,61.079783,10.179964,60.000000,61.476260,1,True
1230.000000,8589.266637,8589.266637,0.000000,22.553809,31.895902,22.553809,31.895902,0.003073015,4.689492,50.838204,55.527695,9.254616,60.000000,61.346569,5,True
1231.000000,9282.572385,9282.572385,0.000000,24.374300,34.470466,24.374300,34.470466,0.003074285,5.479358,54.940464,60.419822,10.069970,60.000000,61.456706,5,True
1232.000000,10734.063597,10734.063597,0.000000,28.185645,39.860521,28.185645,39.860521,0.003077566,7.334739,63.527527,70.862266,11.810378,60.000000,61.703331,6,True
1233.000000,10734.063597,10734.063597,0.000000,28.185645,39.860521,28.185645,39.860521,0.003077670,7.334984,63.527407,70.862391,11.810399,60.000000,61.711251,1,True
1234.000000,10709.439575,10709.439575,0.000000,28.120987,39.769081,28.120987,39.769081,0.003077775,7.301621,63.381552,70.683172,11.780529,60.000000,61.708154,1,True
1235.000000,9972.922963,9972.922963,0.000000,26.187032,37.034055,26.187032,37.034055,0.003076177,6.328564,59.024367,65.352931,10.892155,60.000000,61.583801,5,True
1236.000000,8455.454234,8455.454234,0.000000,22.202442,31.398995,22.202442,31.398995,0.003072777,4.544162,50.046413,54.590575,9.098429,60.000000,61.328849,6,True
1237.000000,6211.009499,6211.009499,0.000000,16.308950,23.064338,16.308950,23.064338,0.003067849,2.447977,36.765253,39.213230,6.535538,60.000000,60.961780,7,True
1238.000000,3194.841245,3194.841245,0.000000,8.389056,11.863917,8.389056,11.863917,0.003061593,0.646390,18.913618,19.560009,3.260001,60.000000,60.491013,7,True
1239.000000,922.696846,922.696846,0.000000,2.422829,3.426398,2.422829,3.426398,0.003056989,0.053835,5.462874,5.516708,0.919451,60.000000,60.147532,7,True
1240.000000,94.888033,94.888033,0.000000,0.249158,0.352363,0.249158,0.352363,0.003055320,0.000569,0.561807,0.562376,0.093729,60.000000,60.019666,5,True
1241.000000,720.001077,720.001077,0.000000,1.890588,2.673696,1.890588,2.673696,0.003056236,0.032772,4.262862,4.295634,0.715939,60.000000,60.101532,5,True
1242.000000,1336.178816,1336.178816,0.000000,3.508556,4.961847,3.508556,4.961847,0.003057416,0.112910,7.910853,8.023763,1.337294,60.000000,60.190489,5,True
1243.000000,1254.694538,1254.694538,0.000000,3.294593,4.659259,3.294593,4.659259,0.003057490,0.099561,7.428415,7.527976,1.254663,60.000000,60.181871,1,True
1244.000000,1161.458833,1161.458833,0.000000,3.049774,4.313031,3.049774,4.313031,0.003057287,0.085309,6.876439,6.961747,1.160291,60.000000,60.168707,2,True
1245.000000,1775.878049,1775.878049,0.000000,4.663124,6.594653,4.663124,6.594653,0.003058288,0.199505,10.513925,10.713430,1.785572,60.000000,60.255845,5,True
1246.000000,1006.167002,1006.167002,0.000000,2.642006,3.736361,2.642006,3.736361,0.003057026,0.064016,5.957059,6.021075,1.003513,60.000000,60.149000,5,True
1247.000000,235.577973,235.577973,-0.000000,0.618584,0.874809,0.618584,0.874809,0.003055552,0.003508,1.394788,1.398296,0.233049,60.000000,60.038123,5,True
1248.000000,154.995167,154.995167,0.000000,0.406988,0.575568,0.406988,0.575568,0.003055360,0.001518,0.917684,0.919203,0.153200,60.000000,60.023207,2,True
1249.000000,76.310830,76.310830,0.000000,0.200378,0.283377,0.200378,0.283377,0.003055183,0.000368,0.451817,0.452185,0.075364,60.000000,60.011453,2,True
1250.000000,665.733060,665.733060,0.000000,1.748091,2.472173,1.748091,2.472173,0.003056124,0.028017,3.941569,3.969586,0.661598,60.000000,60.093072,5,True
1251.000000,1258.241669,1258.241669,0.000000,3.303907,4.672431,3.303907,4.672431,0.003057266,0.100118,7.449446,7.549564,1.258261,60.000000,60.179073,5,True
1252.000000,1185.889445,1185.889445,0.000000,3.113924,4.403754,3.113924,4.403754,0.003057338,0.088937,7.021074,7.110011,1.185002,60.000000,60.171729,1,True
1253.000000,1114.890232,1114.890232,0.000000,2.927493,4.140101,2.927493,4.140101,0.003057240,0.078604,6.600734,6.679338,1.113223,60.000000,60.161763,1,True
1254.000000,1045.234310,1045.234310,0.000000,2.744590,3.881436,2.744590,3.881436,0.003057040,0.069084,6.188357,6.257441,1.042907,60.000000,60.151620,2,True
1255.000000,976.912024,976.912024,0.000000,2.565188,3.627724,2.565188,3.627724,0.003056972,0.060346,5.783859,5.844206,0.974034,60.000000,60.141634,1,True
1256.000000,909.913791,909.913791,0.000000,2.389264,3.378929,2.389264,3.378929,0.003056839,0.052351,5.387206,5.439557,0.906593,60.000000,60.131848,1,True
1257.000000,844.229892,844.229892,0.000000,2.216790,3.135014,2.216790,3.135014,0.003056708,0.045063,4.998332,5.043396,0.840566,60.000000,60.122266,1,True
1258.000000,779.850671,779.850671,0.000000,2.047742,2.895945,2.047742,2.895945,0.003056581,0.038451,4.617180,4.655631,0.775939,60.000000,60.112887,1,True
1259.000000,1340.814048,1340.814048,0.000000,3.520727,4.979060,3.520727,4.979060,0.003057376,0.113693,7.938302,8.051995,1.341999,60.000000,60.191811,4,True
1260.000000,2525.605681,2525.605681,0.000000,6.631768,9.378737,6.631768,9.378737,0.003059739,0.403705,14.952221,15.355926,2.559321,60.000000,60.364634,6,True
1261.000000,3709.638286,3709.638286,0.000000,9.740817,13.775595,9.740817,13.775595,0.003062136,0.871639,21.961023,22.832662,3.805444,60.000000,60.544673,6,True
1262.000000,6126.520408,6126.520408,0.000000,16.087097,22.750591,16.087097,22.750591,0.003067135,2.381275,36.265607,38.646882,6.441147,60.000000,60.919813,7,True
1263.000000,8585.220680,8585.220680,0.000000,22.543185,31.880878,22.543185,31.880878,0.003072538,4.684347,50.814703,55.499049,9.249842,60.000000,61.325244,7,True
1264.000000,10451.741433,10451.741433,0.000000,27.444319,38.812129,27.444319,38.812129,0.003076885,6.952442,61.857432,68.809874,11.468312,60.000000,61.649623,7,True
1265.000000,11755.037990,11755.037990,0.000000,30.866533,43.651869,30.866533,43.651869,0.003079986,8.803305,69.566878,78.370183,13.061697,60.000000,61.884159,6,True
1266.000000,11207.598139,11207.598139,0.000000,29.429058,41.618973,29.429058,41.618973,0.003079009,7.999908,66.328294,74.328201,12.388034,60.000000,61.798292,5,True
1267.000000,10632.977323,10632.977323,0.000000,27.920211,39.485141,27.920211,39.485141,0.003077688,7.197527,62.929126,70.126653,11.687776,60.000000,61.698507,5,True
1268.000000,9432.108207,9432.108207,0.000000,24.766953,35.025761,24.766953,35.025761,0.003074955,5.658550,55.824830,61.483379,10.247230,60.000000,61.493569,6,True
1269.000000,6939.042343,6939.042343,-0.000000,18.220628,25.767860,18.220628,25.767860,0.003069463,3.057105,41.073529,44.130633,7.355106,60.000000,61.082009,7,True
1270.000000,5037.637817,5037.637817,0.000000,13.227895,18.707069,13.227895,18.707069,0.003065374,1.609112,29.820991,31.430103,5.238351,60.000000,60.772271,6,True
1271.000000,3751.774211,3751.774211,0.000000,9.851458,13.932065,9.851458,13.932065,0.003062593,0.891685,22.210280,23.101966,3.850328,60.000000,60.566979,6,True
1272.000000,3079.426529,3079.426529,0.000000,8.085998,11.435329,8.085998,11.435329,0.003061169,0.600449,18.230500,18.830949,3.138491,60.000000,60.459830,5,True
1273.000000,3640.117253,3640.117253,0.000000,9.558268,13.517432,9.558268,13.517432,0.003062000,0.839237,21.549513,22.388751,3.731458,60.000000,60.538747,4,True
1274.000000,4209.595843,4209.595843,0.000000,11.053612,15.632168,11.053612,15.632168,0.003063222,1.122815,24.920269,26.043084,4.340514,60.000000,60.626012,5,True
1275.000000,4774.702732,4774.702732,0.000000,12.537477,17.730670,12.537477,17.730670,0.003064401,1.445064,28.265017,29.710081,4.951680,60.000000,60.714477,5,True
1276.000000,6565.028989,6565.028989,0.000000,17.238539,24.378976,17.238539,24.378976,0.003068097,2.735214,38.860647,41.595861,6.932644,60.000000,60.994847,6,True
1277.000000,8385.623139,8385.623139,0.000000,22.019079,31.139680,22.019079,31.139680,0.003072102,4.468432,49.633711,54.102143,9.017024,60.000000,61.295624,6,True
1278.000000,9013.071658,9013.071658,0.000000,23.666642,33.469685,23.666642,33.469685,0.003073642,5.164732,53.346009,58.510741,9.751790,60.000000,61.408713,5,True
1279.000000,9642.116993,9642.116993,0.000000,25.318397,35.805620,25.318397,35.805620,0.003075099,5.913611,57.067635,62.981246,10.496874,60.000000,61.517596,5,True
1280.000000,10295.009541,10295.009541,0.000000,27.032771,38.230111,27.032771,38.230111,0.003076609,6.744886,60.930141,67.675027,11.279171,60.000000,61.630959,5,True
1281.000000,9116.513066,9116.513066,0.000000,23.938259,33.853811,23.938259,33.853811,0.003074209,5.284937,53.957689,59.242626,9.873771,60.000000,61.438104,6,True
1282.000000,8504.962135,8504.962135,0.000000,22.332441,31.582841,22.332441,31.582841,0.003072802,4.597569,50.339419,54.936988,9.156165,60.000000,61.332110,5,True
1283.000000,8524.974174,8524.974174,0.000000,22.384989,31.657155,22.384989,31.657155,0.003072714,4.619098,50.457949,55.077046,9.179508,60.000000,61.331524,1,True
1284.000000,7912.642208,7912.642208,0.000000,20.777120,29.383284,20.777120,29.383284,0.003071456,3.977738,46.834738,50.812476,8.468746,60.000000,61.231590,5,True
1285.000000,6687.978275,6687.978275,0.000000,17.561381,24.835543,17.561381,24.835543,0.003068803,2.839276,39.587912,42.427188,7.071198,60.000000,61.032808,6,True
1286.000000,5431.135633,5431.135633,0.000000,14.261147,20.168308,14.261147,20.168308,0.003066102,1.870755,32.149925,34.020680,5.670113,60.000000,60.830197,6,True
1287.000000,4789.888863,4789.888863,0.000000,12.577353,17.787063,12.577353,17.787063,0.003064703,1.454414,28.354757,29.809171,4.968195,60.000000,60.724998,5,True
1288.000000,3530.705427,3530.705427,0.000000,9.270973,13.111135,9.270973,13.111135,0.003062117,0.789575,20.901750,21.691325,3.615221,60.000000,60.531603,6,True
1289.000000,2873.093728,2873.093728,0.000000,7.544207,10.669120,7.544207,10.669120,0.003060744,0.522607,17.009123,17.531730,2.921955,60.000000,60.428163,5,True
1290.000000,3423.515853,3423.515853,-0.000000,8.989513,12.713091,8.989513,12.713091,0.003061559,0.742226,20.267396,21.009622,3.501604,60.000000,60.505448,4,True
1291.000000,3383.888004,3383.888004,-0.000000,8.885457,12.565934,8.885457,12.565934,0.003061688,0.725173,20.032750,20.757923,3.459654,60.000000,60.501547,1,True
1292.000000,2141.231531,2141.231531,0.000000,5.622474,7.951379,5.622474,7.951379,0.003059289,0.290133,12.676734,12.966867,2.161144,60.000000,60.319844,6,True
1293.000000,1493.116083,1493.116083,0.000000,3.920644,5.544628,3.920644,5.544628,0.003057982,0.141017,8.839909,8.980925,1.496821,60.000000,60.221248,5,True
1294.000000,1440.995531,1440.995531,0.000000,3.783785,5.351080,3.783785,5.351080,0.003057826,0.131337,8.531356,8.662693,1.443782,60.000000,60.210190,2,True
1295.000000,2556.582402,2556.582402,0.000000,6.713108,9.493768,6.713108,9.493768,0.003059751,0.413670,15.135608,15.549278,2.591546,60.000000,60.370151,5,True
1296.000000,4845.891010,4845.891010,0.000000,12.724404,17.995025,12.724404,17.995025,0.003064426,1.488488,28.686420,30.174908,5.029151,60.000000,60.716268,7,True
1297.000000,7152.386908,7152.386908,-0.000000,18.780831,26.560106,18.780831,26.560106,0.003069366,3.247877,42.336432,45.584308,7.597385,60.000000,61.087004,7,True
1298.000000,8913.524746,8913.524746,0.000000,23.405250,33.100022,23.405250,33.100022,0.003073293,5.050703,52.757155,57.807858,9.634643,60.000000,61.384834,6,True
1299.000000,10119.348450,10119.348450,0.000000,26.571518,37.577801,26.571518,37.577801,0.003076148,6.515702,59.891013,66.406715,11.067786,60.000000,61.595993,6,True
1300.000000,10185.062527,10185.062527,0.000000,26.744071,37.821827,26.744071,37.821827,0.003076361,6.601059,60.279703,66.880762,11.146794,60.000000,61.614680,2,True
1301.000000,9642.481402,9642.481402,0.000000,25.319354,35.806974,25.319354,35.806974,0.003075365,5.914570,57.069513,62.984083,10.497347,60.000000,61.525143,5,True
1302.000000,9685.030239,9685.030239,0.000000,25.431079,35.964977,25.431079,35.964977,0.003075291,5.966738,57.321419,63.288157,10.548026,60.000000,61.529625,1,True
1303.000000,10317.395606,10317.395606,0.000000,27.091552,38.313241,27.091552,38.313241,0.003076677,6.774402,61.062555,67.836956,11.306159,60.000000,61.635625,5,True
1304.000000,9791.991983,9791.991983,0.000000,25.711941,36.362175,25.711941,36.362175,0.003075702,6.100075,57.954041,64.054115,10.675686,60.000000,61.550611,5,True
1305.000000,8627.873623,8627.873623,0.000000,22.655184,32.039268,22.655184,32.039268,0.003073110,4.731889,51.066622,55.798511,9.299752,60.000000,61.355705,6,True
1306.000000,8054.252171,8054.252171,-0.000000,21.148961,29.909147,21.148961,29.909147,0.003071782,4.121826,47.672638,51.794464,8.632411,60.000000,61.256028,5,True
1307.000000,7460.665060,7460.665060,-0.000000,19.590312,27.704885,19.590312,27.704885,0.003070456,3.535141,44.160308,47.695449,7.949242,60.000000,61.156649,5,True
1308.000000,6867.077950,6867.077950,0.000000,18.031663,25.500623,18.031663,25.500623,0.003069146,2.993715,40.647794,43.641509,7.273585,60.000000,61.058597,5,True
1309.000000,6849.455420,6849.455420,0.000000,17.985390,25.435182,17.985390,25.435182,0.003069064,2.978290,40.543543,43.521833,7.253639,60.000000,61.052415,1,True
1310.000000,6849.455441,6849.455441,0.000000,17.985390,25.435182,17.985390,25.435182,0.003068982,2.978210,40.543605,43.521815,7.253636,60.000000,61.051865,1,True
1311.000000,6239.841791,6239.841791,0.000000,16.384658,23.171406,16.384658,23.171406,0.003067773,2.470696,36.935974,39.406669,6.567778,60.000000,60.955769,5,True
1312.000000,5631.824064,5631.824064,0.000000,14.788117,20.913556,14.788117,20.913556,0.003066472,2.011806,33.337685,35.349491,5.891582,60.000000,60.858132,5,True
1313.000000,4420.576328,4420.576328,0.000000,11.607607,16.415636,11.607607,16.415636,0.003063953,1.238479,26.168895,27.407374,4.567896,60.000000,60.669491,6,True
1314.000000,4377.689635,4377.689635,0.000000,11.494995,16.256377,11.494995,16.256377,0.003063790,1.214501,25.915092,27.129593,4.521599,60.000000,60.656842,2,True
1315.000000,4349.266607,4349.266607,0.000000,11.420361,16.150830,11.420361,16.150830,0.003063706,1.198748,25.746873,26.945621,4.490937,60.000000,60.651505,1,True
1316.000000,1973.148755,1973.148755,0.000000,5.181120,7.327210,5.181120,7.327210,0.003059033,0.246350,11.681689,11.928039,1.988006,60.000000,60.300819,7,True
1317.000000,1329.279707,1329.279707,0.000000,3.490440,4.936228,3.490440,4.936228,0.003057674,0.111757,7.869969,7.981726,1.330288,60.000000,60.197901,5,True
1318.000000,2440.898887,2440.898887,0.000000,6.409344,9.064182,6.409344,9.064182,0.003059530,0.377054,14.450791,14.827845,2.471307,60.000000,60.353321,5,True
1319.000000,5830.545022,5830.545022,0.000000,15.309921,21.651499,15.309921,21.651499,0.003066406,2.156238,34.514060,36.670298,6.111716,60.000000,60.867309,7,True
1320.000000,11029.077049,11029.077049,0.000000,28.960295,40.956042,28.960295,40.956042,0.003077958,7.744438,65.273039,73.017477,12.169580,60.000000,61.731712,8,True
1321.000000,15190.516721,15190.516721,0.000000,39.887458,56.409384,39.887458,56.409384,0.003088200,14.740065,89.884646,104.624712,17.437452,60.000000,62.497587,8,True
1322.000000,19544.993930,19544.993930,0.000000,51.321501,72.579563,51.321501,72.579563,0.003099623,24.492259,115.626525,140.118784,23.353131,60.000000,63.352400,8,True
1323.000000,24121.410528,24121.410528,0.000000,63.338316,89.573905,63.338316,89.573905,0.003112502,37.459668,142.666530,180.126198,30.021033,60.000000,64.315079,8,True
1324.000000,26591.564490,26591.564490,0.000000,69.824478,98.746724,69.824478,98.746724,0.003120043,45.634919,157.254578,202.889498,33.814916,60.000000,64.878991,7,True
1325.000000,24150.841688,24150.841688,0.000000,63.415596,89.683196,63.415596,89.683196,0.003113516,37.563372,142.837947,180.401319,30.066886,60.000000,64.375127,7,True
1326.000000,18319.485108,18319.485108,0.000000,48.103544,68.028684,48.103544,68.028684,0.003097573,21.502898,108.380594,129.883492,21.647249,60.000000,63.183063,8,True
1327.000000,12802.337324,12802.337324,0.000000,33.616545,47.540974,33.616545,47.540974,0.003083425,10.453477,75.760061,86.213538,14.368923,60.000000,62.125943,8,True
1328.000000,9690.354129,9690.354129,0.000000,25.445059,35.984747,25.445059,35.984747,0.003075812,5.974313,57.352379,63.326692,10.554449,60.000000,61.555283,7,True
1329.000000,8425.076341,8425.076341,0.000000,22.122676,31.286188,22.122676,31.286188,0.003072715,4.511478,49.866668,54.378147,9.063024,60.000000,61.325005,6,True
1330.000000,8425.076341,8425.076341,0.000000,22.122676,31.286188,22.122676,31.286188,0.003072619,4.511337,49.866756,54.378094,9.063016,60.000000,61.315626,1,True
1331.000000,8425.076341,8425.076341,0.000000,22.122676,31.286188,22.122676,31.286188,0.003072494,4.511154,49.866871,54.378025,9.063004,60.000000,61.314340,1,True
1332.000000,7792.437447,7792.437447,0.000000,20.461484,28.936909,20.461484,28.936909,0.003071191,3.857468,46.123473,49.980941,8.330157,60.000000,61.211565,5,True
1333.000000,5877.488489,5877.488489,0.000000,15.433186,21.825821,15.433186,21.825821,0.003067145,2.191627,34.791470,36.983097,6.163850,60.000000,60.905096,6,True
1334.000000,4567.578850,4567.578850,0.000000,11.993608,16.961524,11.993608,16.961524,0.003064291,1.322364,27.038951,28.361315,4.726886,60.000000,60.694137,6,True
1335.000000,4521.709047,4521.709047,0.000000,11.873163,16.791188,11.873163,16.791188,0.003064107,1.295860,26.767504,28.063363,4.677227,60.000000,60.679643,2,True
1336.000000,5725.819277,5725.819277,0.000000,15.034931,21.262604,15.034931,21.262604,0.003066378,2.079457,33.894150,35.973607,5.995601,60.000000,60.862968,6,True
1337.000000,6957.241517,6957.241517,0.000000,18.268416,25.835441,18.268416,25.835441,0.003069023,3.072721,41.181586,44.254307,7.375718,60.000000,61.061703,6,True
1338.000000,7562.308832,7562.308832,0.000000,19.857210,28.082335,19.857210,28.082335,0.003070398,3.632055,44.761993,48.394048,8.065675,60.000000,61.165008,5,True
1339.000000,8185.575275,8185.575275,0.000000,21.493791,30.396810,21.493791,30.396810,0.003071792,4.257347,48.449923,52.707270,8.784545,60.000000,61.269546,5,True
1340.000000,8808.841718,8808.841718,0.000000,23.130372,32.711286,23.130372,32.711286,0.003073198,4.932613,52.137651,57.070264,9.511711,60.000000,61.374985,5,True
1341.000000,9453.431478,9453.431478,0.000000,24.822944,35.104944,24.822944,35.104944,0.003074664,5.683627,55.951332,61.634959,10.272493,60.000000,61.485130,5,True
1342.000000,11349.276089,11349.276089,0.000000,29.801078,42.145088,29.801078,42.145088,0.003079018,8.203467,67.166755,75.370222,12.561704,60.000000,61.809401,7,True
1343.000000,13328.300481,13328.300481,0.000000,34.997626,49.494117,34.997626,49.494117,0.003083773,11.331330,78.872035,90.203364,15.033894,60.000000,62.165903,7,True
1344.000000,13433.414169,13433.414169,0.000000,35.273635,49.884453,35.273635,49.884453,0.003084157,11.512194,79.493499,91.005694,15.167616,60.000000,62.196716,3,True
1345.000000,12904.904593,12904.904593,0.000000,33.885867,47.921853,33.885867,47.921853,0.003083114,10.620574,76.367457,86.988031,14.498005,60.000000,62.105204,5,True
1346.000000,11072.578661,11072.578661,0.000000,29.074522,41.117583,29.074522,41.117583,0.003078815,7.807825,65.529461,73.337286,12.222881,60.000000,61.784103,7,True
1347.000000,9184.101796,9184.101796,0.000000,24.115735,34.104799,24.115735,34.104799,0.003074439,5.363992,54.357495,59.721488,9.953581,60.000000,61.456230,7,True
1348.000000,7272.126472,7272.126472,-0.000000,19.095245,27.004754,19.095245,27.004754,0.003070141,3.358382,43.044581,46.402963,7.733827,60.000000,61.134279,7,True
1349.000000,2784.197237,2784.197237,0.000000,7.310782,10.339006,7.310782,10.339006,0.003060841,0.490783,16.482814,16.973597,2.828933,60.000000,60.436484,8,True
1350.000000,-1836.740464,-1836.740464,0.000000,4.822937,6.820663,4.822937,6.820663,0.003058702,0.213443,10.874173,11.087616,1.847936,60.000000,60.276457,6,True
1351.000000,-4557.914374,-4557.914374,0.000000,11.968231,16.925635,11.968231,16.925635,0.003063809,1.316567,26.981979,28.298546,4.716424,60.000000,60.670705,7,True
1352.000000,-5686.164801,-5686.164801,0.000000,14.930806,21.115348,14.930806,21.115348,0.003066272,2.050683,33.659480,35.710163,5.951694,60.000000,60.855014,6,True
1353.000000,-6030.492306,-6030.492306,0.000000,15.834946,22.393995,15.834946,22.393995,0.003067054,2.307150,35.697227,38.004377,6.334063,60.000000,60.915434,4,True
1354.000000,-6353.975171,-6353.975171,0.000000,16.684351,23.595236,16.684351,23.595236,0.003067776,2.561908,37.611570,40.173478,6.695580,60.000000,60.968640,4,True
1355.000000,-7013.551135,-7013.551135,0.000000,18.416274,26.044545,18.416274,26.044545,0.003069191,3.122833,41.514768,44.637601,7.439600,60.000000,61.074718,5,True
1356.000000,-8322.131241,-8322.131241,0.000000,21.852361,30.903906,21.852361,30.903906,0.003072045,4.400942,49.257960,53.658901,8.943150,60.000000,61.288688,6,True
1357.000000,-9203.548278,-9203.548278,0.000000,24.166798,34.177013,24.166798,34.177013,0.003074032,5.386018,54.473000,59.859018,9.976503,60.000000,61.440321,5,True
1358.000000,-9684.471199,-9684.471199,0.000000,25.429611,35.962901,25.429611,35.962901,0.003075226,5.965924,57.318178,63.284103,10.547350,60.000000,61.525652,5,True
1359.000000,-10426.243287,-10426.243287,0.000000,27.377366,38.717442,27.377366,38.717442,0.003076897,6.918589,61.706510,68.625099,11.437517,60.000000,61.653480,5,True
1360.000000,-10458.007828,-10458.007828,0.000000,27.460774,38.835399,27.460774,38.835399,0.003077004,6.961052,61.894383,68.855435,11.475906,60.000000,61.663135,1,True
1361.000000,-7507.070425,-7507.070425,0.000000,19.712164,27.877209,19.712164,27.877209,0.003070753,3.579602,44.434742,48.014344,8.002391,60.000000,61.177595,7,True
1362.000000,-2168.228477,-2168.228477,0.000000,5.693363,8.051631,5.693363,8.051631,0.003059686,0.297534,12.836470,13.134004,2.189001,60.000000,60.348835,8,True
1363.000000,5824.649265,5824.649265,0.000000,15.294440,21.629605,15.294440,21.629605,0.003066440,2.151904,34.479138,36.631042,6.105174,60.000000,60.869975,7,True
1364.000000,14406.953953,14406.953953,0.000000,37.829968,53.499654,37.829968,53.499654,0.003085921,13.248846,85.251751,98.500597,16.416766,60.000000,62.326780,9,True
1365.000000,15784.995339,15784.995339,0.000000,41.448447,58.616956,41.448447,58.616956,0.003089867,15.924931,93.399411,109.324342,18.220724,60.000000,62.625635,6,True
1366.000000,9679.663992,9679.663992,0.000000,25.416988,35.945050,25.416988,35.945050,0.003075930,5.961366,57.288986,63.250352,10.541725,60.000000,61.564702,8,True
1367.000000,1865.628252,1865.628252,-0.000000,4.898791,6.927937,4.898791,6.927937,0.003059352,0.220256,11.045067,11.265324,1.877554,60.000000,60.320519,8,True
1368.000000,-4851.795974,-4851.795974,0.000000,12.739909,18.016953,12.739909,18.016953,0.003064478,1.492143,28.721348,30.213491,5.035582,60.000000,60.720983,7,True
1369.000000,-7076.880774,-7076.880774,-0.000000,18.582566,26.279717,18.582566,26.279717,0.003069216,3.179510,41.889611,45.069120,7.511520,60.000000,61.075534,7,True
1370.000000,-3284.929189,-3284.929189,-0.000000,8.625610,12.198455,8.625610,12.198455,0.003061806,0.683406,19.446868,20.130273,3.355046,60.000000,60.505396,7,True
1371.000000,1917.084394,1917.084394,0.000000,5.033905,7.119017,5.033905,7.119017,0.003058901,0.232539,11.349797,11.582336,1.930389,60.000000,60.289621,6,True
1372.000000,4625.716070,4625.716070,0.000000,12.146266,17.177414,12.146266,17.177414,0.003063954,1.356092,27.383279,28.739371,4.789895,60.000000,60.681568,7,True
1373.000000,2368.522996,2368.522996,0.000000,6.219299,8.795417,6.219299,8.795417,0.003059785,0.355054,14.022240,14.377295,2.396216,60.000000,60.357643,7,True
1374.000000,-1601.824714,-1601.824714,0.000000,4.206092,5.948313,4.206092,5.948313,0.003058228,0.162311,9.483469,9.645780,1.607630,60.000000,60.238446,5,True
1375.000000,-5390.127346,-5390.127346,0.000000,14.153467,20.016025,14.153467,20.016025,0.003065449,1.842218,31.907558,33.749776,5.624963,60.000000,60.796264,7,True
1376.000000,-11532.492600,-11532.492600,0.000000,30.282170,42.825456,30.282170,42.825456,0.003079063,8.470592,68.251002,76.721594,12.786932,60.000000,61.815644,8,True
1377.000000,-19187.884025,-19187.884025,0.000000,50.383797,71.253449,50.383797,71.253449,0.003098373,23.595913,113.516495,137.112408,22.852068,60.000000,63.257955,9,True
1378.000000,-21234.410208,-21234.410208,0.000000,55.757592,78.853143,55.757592,78.853143,0.003104446,28.954320,125.609859,154.564179,25.760696,60.000000,63.713141,7,True
1379.000000,-18844.755005,-18844.755005,0.000000,49.482804,69.979253,49.482804,69.979253,0.003098549,22.760836,111.486168,134.247003,22.374501,60.000000,63.258198,7,True
1380.000000,-16424.003489,-16424.003489,0.000000,43.126363,60.989888,43.126363,60.989888,0.003092207,17.253431,97.176232,114.429663,19.071610,60.000000,62.783802,7,True
1381.000000,-9702.332669,-9702.332669,0.000000,25.476512,36.029229,25.476512,36.029229,0.003076116,5.989683,57.422954,63.412637,10.568773,60.000000,61.577510,8,True
1382.000000,1017.391478,1017.391478,-0.000000,2.671480,3.778043,2.671480,3.778043,0.003057703,0.065467,6.023439,6.088906,1.014818,60.000000,60.201089,9,True
1383.000000,14618.392270,14618.392270,0.000000,38.385166,54.284822,38.385166,54.284822,0.003086184,13.641745,86.502499,100.144244,16.690707,60.000000,62.349163,9,True
1384.000000,18268.102686,18268.102686,0.000000,47.968623,67.837877,47.968623,67.837877,0.003096181,21.372835,108.079368,129.452203,21.575367,60.000000,63.094279,8,True
1385.000000,12865.130212,12865.130212,0.000000,33.781427,47.774153,33.781427,47.774153,0.003083415,10.556240,76.131662,86.687902,14.447984,60.000000,62.125916,8,True
1386.000000,8124.865393,8124.865393,0.000000,21.334378,30.171367,21.334378,30.171367,0.003072325,4.195158,48.090113,52.285272,8.714212,60.000000,61.296471,8,True
1387.000000,10398.525126,10398.525126,0.000000,27.304583,38.614512,27.304583,38.614512,0.003076813,6.881664,61.542558,68.424223,11.404037,60.000000,61.644645,7,True
1388.000000,17707.016094,17707.016094,0.000000,46.495315,65.754305,46.495315,65.754305,0.003094508,20.069255,104.763034,124.832289,20.805382,60.000000,62.968549,9,True
1389.000000,26483.257013,26483.257013,0.000000,69.540083,98.344528,69.540083,98.344528,0.003119108,45.250369,156.616762,201.867131,33.644522,60.000000,64.807652,9,True
1390.000000,31278.181738,31278.181738,0.000000,82.130659,116.150292,82.130659,116.150292,0.003134457,63.429930,184.921050,248.350980,41.391830,60.000000,65.953378,8,True
1391.000000,28411.637755,28411.637755,0.000000,74.603650,105.505494,74.603650,105.505494,0.003126457,52.202813,167.998223,220.201035,36.700173,60.000000,65.338347,7,True
1392.000000,20915.959412,20915.959412,0.000000,54.921400,77.670589,54.921400,77.670589,0.003104831,28.095862,123.725225,151.821087,25.303514,60.000000,63.728298,9,True
1393.000000,13093.086158,13093.086158,0.000000,34.379997,48.620658,34.379997,48.620658,0.003084353,10.936969,77.479297,88.416266,14.736044,60.000000,62.197686,9,True
1394.000000,6832.723092,6832.723092,0.000000,17.941454,25.373047,17.941454,25.373047,0.003069664,2.964335,40.444055,43.408390,7.234732,60.000000,61.094894,8,True
1395.000000,3402.414438,3402.414438,0.000000,8.934104,12.634732,8.934104,12.634732,0.003062127,0.733241,20.142264,20.875505,3.479251,60.000000,60.529552,7,True
1396.000000,817.730169,817.730169,0.000000,2.147207,3.036609,2.147207,3.036609,0.003056830,0.042281,4.841427,4.883708,0.813951,60.000000,60.134783,7,True
1397.000000,-1340.500557,-1340.500557,0.000000,3.519904,4.977896,3.519904,4.977896,0.003057440,0.113643,7.936436,8.050079,1.341680,60.000000,60.194201,4,True
1398.000000,-2622.031272,-2622.031272,0.000000,6.884964,9.736810,6.884964,9.736810,0.003059925,0.435146,15.523031,15.958178,2.659696,60.000000,60.379019,6,True
1399.000000,-3849.293978,-3849.293978,0.000000,10.107527,14.294201,10.107527,14.294201,0.003062417,0.938589,22.787666,23.726254,3.954376,60.000000,60.566002,6,True
1400.000000,-4999.436997,-4999.436997,0.000000,13.127587,18.565212,13.127587,18.565212,0.003064824,1.584516,29.595156,31.179672,5.196612,60.000000,60.746286,6,True
1401.000000,-5586.599403,-5586.599403,0.000000,14.669366,20.745616,14.669366,20.745616,0.003066106,1.979389,33.070200,35.049588,5.841598,60.000000,60.842817,5,True
1402.000000,-6797.672748,-6797.672748,0.000000,17.849418,25.242889,17.849418,25.242889,0.003068682,2.933062,40.237313,43.170375,7.195062,60.000000,61.035939,6,True
1403.000000,-10222.721950,-10222.721950,0.000000,26.842957,37.961674,26.842957,37.961674,0.003076196,6.649608,60.502772,67.152379,11.192063,60.000000,61.601858,7,True
1404.000000,-15747.159016,-15747.159016,0.000000,41.349096,58.476453,41.349096,58.476453,0.003089504,15.846819,93.176154,109.022974,18.170496,60.000000,62.596954,8,True
1405.000000,-17157.828648,-17157.828648,0.000000,45.053251,63.714919,45.053251,63.714919,0.003093455,18.837242,101.515745,120.352987,20.058831,60.000000,62.893914,6,True
1406.000000,-12164.995965,-12164.995965,0.000000,31.943006,45.174232,31.943006,45.174232,0.003081701,9.433293,71.990761,81.424055,13.570676,60.000000,61.998186,8,True
1407.000000,-4677.602590,-4677.602590,0.000000,12.282510,17.370092,12.282510,17.370092,0.003065085,1.387197,27.689860,29.077057,4.846176,60.000000,60.750488,8,True
1408.000000,998.141049,998.141049,0.000000,2.620932,3.706557,2.620932,3.706557,0.003057339,0.063005,5.909507,5.972512,0.995419,60.000000,60.170137,7,True
1409.000000,2936.396107,2936.396107,0.000000,7.710427,10.904191,7.710427,10.904191,0.003060533,0.545852,17.383949,17.929802,2.988300,60.000000,60.426874,6,True
1410.000000,1886.228939,1886.228939,0.000000,4.952885,7.004437,4.952885,7.004437,0.003058804,0.225107,11.167142,11.392249,1.898708,60.000000,60.279880,5,True
1411.000000,808.230697,808.230697,-0.000000,2.122263,3.001333,2.122263,3.001333,0.003056718,0.041302,4.785195,4.826497,0.804416,60.000000,60.122738,5,True
1412.000000,161.099386,161.099386,0.000000,0.423017,0.598236,0.423017,0.598236,0.003055393,0.001640,0.953825,0.955465,0.159244,60.000000,60.027152,5,True
1413.000000,988.588144,988.588144,0.000000,2.595848,3.671083,2.595848,3.671083,0.003056715,0.061792,5.853016,5.914809,0.985801,60.000000,60.139365,5,True
1414.000000,4761.074657,4761.074657,0.000000,12.501692,17.680063,12.501692,17.680063,0.003064107,1.436689,28.184494,29.621183,4.936864,60.000000,60.695600,7,True
1415.000000,11193.017619,11193.017619,0.000000,29.390772,41.564829,29.390772,41.564829,0.003078232,7.977091,66.242950,74.220041,12.370007,60.000000,61.753712,8,True
1416.000000,17970.654376,17970.654376,0.000000,47.187580,66.733315,47.187580,66.733315,0.003095128,20.675464,106.321633,126.997097,21.166183,60.000000,63.019644,8,True
1417.000000,22074.443064,22074.443064,0.000000,57.963362,81.972572,57.963362,81.972572,0.003106637,31.312586,130.573736,161.886323,26.981054,60.000000,63.876403,8,True
1418.000000,20834.360868,20834.360868,0.000000,54.707138,77.367576,54.707138,77.367576,0.003103870,27.868444,123.244712,151.113156,25.185526,60.000000,63.655967,6,True
1419.000000,13306.735291,13306.735291,0.000000,34.941000,49.414036,34.941000,49.414036,0.003084745,11.298251,78.743014,90.041265,15.006878,60.000000,62.227448,9,True
1420.000000,2839.705051,2839.705051,0.000000,7.456535,10.545132,7.456535,10.545132,0.003061523,0.510661,16.811216,17.321878,2.886980,60.000000,60.486260,9,True
1421.000000,-4988.988856,-4988.988856,0.000000,13.100152,18.526413,13.100152,18.526413,0.003064834,1.577905,29.533301,31.111206,5.185201,60.000000,60.749631,6,True
1422.000000,-8763.451436,-8763.451436,0.000000,23.011186,32.542731,23.011186,32.542731,0.003072825,4.881317,51.869351,56.750669,9.458445,60.000000,61.349804,7,True
1423.000000,-5394.423169,-5394.423169,0.000000,14.164747,20.031977,14.164747,20.031977,0.003066156,1.845581,31.932572,33.778153,5.629692,60.000000,60.832480,7,True
1424.000000,316.836554,316.836554,0.000000,0.831954,1.176560,0.831954,1.176560,0.003056020,0.006346,1.875880,1.882226,0.313704,60.000000,60.074283,8,True
1425.000000,7621.369546,7621.369546,0.000000,20.012292,28.301655,20.012292,28.301655,0.003070095,3.688644,45.111831,48.800474,8.133412,60.000000,61.144191,8,True
1426.000000,16250.378923,16250.378923,0.000000,42.670458,60.345140,42.670458,60.345140,0.003090549,16.881518,96.151869,113.033388,18.838898,60.000000,62.673297,9,True
1427.000000,19605.333470,19605.333470,0.000000,51.479941,72.803631,51.479941,72.803631,0.003099843,24.645463,115.983022,140.628484,23.438081,60.000000,63.367533,8,True
1428.000000,12643.301704,12643.301704,0.000000,33.198947,46.950401,33.198947,46.950401,0.003083055,10.194154,74.819448,85.013601,14.168934,60.000000,62.096595,8,True
1429.000000,3247.445963,3247.445963,0.000000,8.527186,12.059262,8.527186,12.059262,0.003062240,0.667993,19.224812,19.892805,3.315468,60.000000,60.540778,9,True
1430.000000,-3078.409082,-3078.409082,0.000000,8.083327,11.431550,8.083327,11.431550,0.003061264,0.600070,18.224445,18.824515,3.137419,60.000000,60.464041,4,True
1431.000000,-8570.337318,-8570.337318,0.000000,22.504104,31.825609,22.504104,31.825609,0.003072324,4.667794,50.726810,55.394604,9.232434,60.000000,61.309477,8,True
1432.000000,-14032.819820,-14032.819820,0.000000,36.847562,52.110322,36.847562,52.110322,0.003085177,12.566632,83.038983,95.605615,15.934269,60.000000,62.272956,8,True
1433.000000,-14764.073061,-14764.073061,0.000000,38.767696,54.825802,38.767696,54.825802,0.003087412,13.920534,87.362576,101.283110,16.880518,60.000000,62.437804,6,True
1434.000000,-12425.463238,-12425.463238,0.000000,32.626944,46.141467,32.626944,46.141467,0.003082097,9.842840,73.531635,83.374475,13.895746,60.000000,62.028455,7,True
1435.000000,-6100.984190,-6100.984190,0.000000,16.020044,22.655764,16.020044,22.655764,0.003067981,2.362117,36.113885,38.476002,6.412667,60.000000,60.969111,8,True
1436.000000,-146.287476,-146.287476,0.000000,0.384124,0.543233,0.384124,0.543233,0.003055815,0.001353,0.866121,0.867474,0.144579,60.000000,60.057685,8,True
1437.000000,4220.624161,4220.624161,0.000000,11.082570,15.673121,11.082570,15.673121,0.003063033,1.128636,24.985642,26.114278,4.352380,60.000000,60.615087,7,True
1438.000000,5023.939085,5023.939085,0.000000,13.191925,18.656199,13.191925,18.656199,0.003064846,1.600097,29.740188,31.340285,5.223381,60.000000,60.750842,5,True
1439.000000,3010.824258,3010.824258,0.000000,7.905862,11.180577,7.905862,11.180577,0.003061132,0.573987,17.824380,18.398367,3.066394,60.000000,60.454515,6,True
1440.000000,263.493592,263.493592,0.000000,0.691885,0.978473,0.691885,0.978473,0.003055744,0.004388,1.560063,1.564451,0.260742,60.000000,60.053191,7,True
1441.000000,-1802.717199,-1802.717199,0.000000,4.733598,6.694319,4.733598,6.694319,0.003058294,0.205581,10.672823,10.878404,1.813067,60.000000,60.257241,6,True
1442.000000,-2223.731605,-2223.731605,0.000000,5.839104,8.257739,5.839104,8.257739,0.003059144,0.312906,13.165195,13.478100,2.246350,60.000000,60.322780,4,True
1443.000000,-759.215485,-759.215485,0.000000,1.993558,2.819317,1.993558,2.819317,0.003056591,0.036443,4.495007,4.531450,0.755242,60.000000,60.116563,6,True
1444.000000,1036.087364,1036.087364,0.000000,2.720572,3.847469,2.720572,3.847469,0.003056834,0.067876,6.134226,6.202101,1.033684,60.000000,60.149458,3,True
1445.000000,1769.487401,1769.487401,0.000000,4.646343,6.570922,4.646343,6.570922,0.003058251,0.198069,10.476097,10.674167,1.779028,60.000000,60.254174,5,True
1446.000000,489.415792,489.415792,0.000000,1.285114,1.817426,1.285114,1.817426,0.003056043,0.015141,2.897662,2.912803,0.485467,60.000000,60.076342,6,True
1447.000000,-2380.703378,-2380.703378,0.000000,6.251282,8.840648,6.251282,8.840648,0.003059379,0.358668,14.094456,14.453124,2.408854,60.000000,60.340482,6,True
1448.000000,-5250.330165,-5250.330165,0.000000,13.786386,19.496894,13.786386,19.496894,0.003065215,1.747765,31.080144,32.827909,5.471318,60.000000,60.776823,7,True
1449.000000,-4614.551141,-4614.551141,0.000000,12.116949,17.135953,12.116949,17.135953,0.003064270,1.349693,27.317026,28.666719,4.777786,60.000000,60.693984,5,True
1450.000000,-0.000000,-0.000000,0.000000,0.000000,0.000000,0.000000,0.000000,0.003055342,0.000000,0.000000,0.000000,0.000000,60.000000,60.024054,8,True
1451.000000,-0.000000,-0.000000,0.000000,0.000000,0.000000,0.000000,0.000000,0.003055065,0.000000,0.000000,0.000000,0.000000,60.000000,60.003295,3,True
1452.000000,-0.000000,-0.000000,0.000000,0.000000,0.000000,0.000000,0.000000,0.003054996,0.000000,0.000000,0.000000,0.000000,60.000000,60.000451,1,True
1453.000000,0.000000,0.000000,0.000000,0.000000,0.000000,0.000000,0.000000,0.003054958,0.000000,0.000000,0.000000,0.000000,60.000000,60.000062,1,True
1454.000000,0.000000,0.000000,0.000000,0.000000,0.000000,0.000000,0.000000,0.003054953,0.000000,0.000000,0.000000,0.000000,60.000000,60.000008,1,True
1455.000000,0.000000,0.000000,0.000000,0.000000,0.000000,0.000000,0.000000,0.003054952,0.000000,0.000000,0.000000,0.000000,60.000000,60.000001,1,True
1456.000000,0.000000,0.000000,0.000000,0.000000,0.000000,0.000000,0.000000,0.003054952,0.000000,0.000000,0.000000,0.000000,60.000000,60.000000,1,True
1457.000000,0.000000,0.000000,0.000000,0.000000,0.000000,0.000000,0.000000,0.003054952,0.000000,0.000000,0.000000,0.000000,60.000000,60.000000,1,True
1458.000000,0.000000,0.000000,0.000000,0.000000,0.000000,0.000000,0.000000,0.003054952,0.000000,0.000000,0.000000,0.000000,60.000000,60.000000,1,True
1459.000000,0.000000,0.000000,0.000000,0.000000,0.000000,0.000000,0.000000,0.003054952,0.000000,0.000000,0.000000,0.000000,60.000000,60.000000,1,True
1460.000000,0.000000,0.000000,0.000000,0.000000,0.000000,0.000000,0.000000,0.003054952,0.000000,0.000000,0.000000,0.000000,60.000000,60.000000,1,True
1461.000000,0.000000,0.000000,0.000000,0.000000,0.000000,0.000000,0.000000,0.003054952,0.000000,0.000000,0.000000,0.000000,60.000000,60.000000,1,True
1462.000000,0.000000,0.000000,0.000000,0.000000,0.000000,0.000000,0.000000,0.003054952,0.000000,0.000000,0.000000,0.000000,60.000000,60.000000,1,True
1463.000000,0.000000,0.000000,0.000000,0.000000,0.000000,0.000000,0.000000,0.003054952,0.000000,0.000000,0.000000,0.000000,60.000000,60.000000,1,True
1464.000000,0.000000,0.000000,0.000000,0.000000,0.000000,0.000000,0.000000,0.003054952,0.000000,0.000000,0.000000,0.000000,60.000000,60.000000,1,True
1465.000000,0.000000,0.000000,0.000000,0.000000,0.000000,0.000000,0.000000,0.003054952,0.000000,0.000000,0.000000,0.000000,60.000000,60.000000,1,True
1466.000000,0.000000,0.000000,0.000000,0.000000,0.000000,0.000000,0.000000,0.003054952,0.000000,0.000000,0.000000,0.000000,60.000000,60.000000,1,True
1467.000000,0.000000,0.000000,0.000000,0.000000,0.000000,0.000000,0.000000,0.003054952,0.000000,0.000000,0.000000,0.000000,60.000000,60.000000,1,True
1468.000000,0.000000,0.000000,0.000000,0.000000,0.000000,0.000000,0.000000,0.003054952,0.000000,0.000000,0.000000,0.000000,60.000000,60.000000,1,True
1469.000000,0.000000,0.000000,0.000000,0.000000,0.000000,0.000000,0.000000,0.003054952,0.000000,0.000000,0.000000,0.000000,60.000000,60.000000,1,True
1470.000000,0.000000,0.000000,0.000000,0.000000,0.000000,0.000000,0.000000,0.003054952,0.000000,0.000000,0.000000,0.000000,60.000000,60.000000,1,True
1471.000000,0.000000,0.000000,0.000000,0.000000,0.000000,0.000000,0.000000,0.003054952,0.000000,0.000000,0.000000,0.000000,60.000000,60.000000,1,True
1472.000000,0.000000,0.000000,0.000000,0.000000,0.000000,0.000000,0.000000,0.003054952,0.000000,0.000000,0.000000,0.000000,60.000000,60.000000,1,True
1473.000000,0.000000,0.000000,0.000000,0.000000,0.000000,0.000000,0.000000,0.003054952,0.000000,0.000000,0.000000,0.000000,60.000000,60.000000,1,True
1474.000000,0.000000,0.000000,0.000000,0.000000,0.000000,0.000000,0.000000,0.003054952,0.000000,0.000000,0.000000,0.000000,60.000000,60.000000,1,True
1475.000000,0.000000,0.000000,0.000000,0.000000,0.000000,0.000000,0.000000,0.003054952,0.000000,0.000000,0.000000,0.000000,60.000000,60.000000,1,True
1476.000000,0.000000,0.000000,0.000000,0.000000,0.000000,0.000000,0.000000,0.003054952,0.000000,0.000000,0.000000,0.000000,60.000000,60.000000,1,True
1477.000000,0.000000,0.000000,0.000000,0.000000,0.000000,0.000000,0.000000,0.003054952,0.000000,0.000000,0.000000,0.000000,60.000000,60.000000,1,True
1478.000000,0.000000,0.000000,0.000000,0.000000,0.000000,0.000000,0.000000,0.003054952,0.000000,0.000000,0.000000,0.000000,60.000000,60.000000,1,True
1479.000000,877.445829,877.445829,0.000000,2.304009,3.258360,2.304009,3.258360,0.003056480,0.048676,5.195012,5.243687,0.873948,60.000000,60.122353,5,True
1480.000000,1652.270786,1652.270786,0.000000,4.338554,6.135642,4.338554,6.135642,0.003058002,0.172683,9.782171,9.954854,1.659142,60.000000,60.236051,5,True
1481.000000,2071.473797,2071.473797,0.000000,5.439303,7.692336,5.439303,7.692336,0.003058845,0.271497,12.263848,12.535345,2.089224,60.000000,60.300167,4,True
1482.000000,2228.688294,2228.688294,0.000000,5.852119,8.276146,5.852119,8.276146,0.003059202,0.314308,13.194526,13.508834,2.251472,60.000000,60.325273,3,True
1483.000000,2309.536570,2309.536570,0.000000,6.064411,8.576373,6.064411,8.576373,0.003059371,0.337544,13.673130,14.010674,2.335112,60.000000,60.338010,2,True
1484.000000,2450.146877,2450.146877,0.000000,6.433628,9.098524,6.433628,9.098524,0.003059665,0.379933,14.505506,14.885439,2.480906,60.000000,60.358923,3,True
1485.000000,2890.998575,2890.998575,0.000000,7.591222,10.735609,7.591222,10.735609,0.003060493,0.529098,17.115201,17.644299,2.940717,60.000000,60.423994,4,True
1486.000000,3951.503479,3951.503479,0.000000,10.375910,14.673752,10.375910,14.673752,0.003062593,0.989152,23.392666,24.381818,4.063636,60.000000,60.583283,5,True
1487.000000,5541.625453,5541.625453,0.000000,14.551273,20.578607,14.551273,20.578607,0.003065917,1.947528,32.804088,34.751615,5.791936,60.000000,60.830375,6,True
1488.000000,7745.674642,7745.674642,0.000000,20.338694,28.763257,20.338694,28.763257,0.003070695,3.810693,45.847102,49.657796,8.276299,60.000000,61.186346,7,True
1489.000000,10583.078691,10583.078691,0.000000,27.789187,39.299845,27.789187,39.299845,0.003077088,7.128741,62.634502,69.763244,11.627207,60.000000,61.667311,7,True
1490.000000,13814.635841,13814.635841,-0.000000,36.274652,51.300104,36.274652,51.300104,0.003084813,12.177455,81.748430,93.925885,15.654314,60.000000,62.247187,7,True
1491.000000,17045.900388,17045.900388,0.000000,44.759348,63.299278,44.759348,63.299278,0.003093026,18.589699,100.854305,119.444004,19.907334,60.000000,62.862190,7,True
1492.000000,19521.284733,19521.284733,0.000000,51.259245,72.491520,51.259245,72.491520,0.003099723,24.433663,115.486051,139.919714,23.319952,60.000000,63.360991,7,True
1493.000000,20819.168204,20819.168204,0.000000,54.667244,77.311158,54.667244,77.311158,0.003103402,27.823621,123.155897,150.979518,25.163253,60.000000,63.636660,6,True
1494.000000,21498.530181,21498.530181,0.000000,56.451122,79.833942,56.451122,79.833942,0.003105369,29.687911,127.170079,156.857991,26.142998,60.000000,63.784190,5,True
1495.000000,21129.249526,21129.249526,0.000000,55.481460,78.462633,55.481460,78.462633,0.003104685,28.670456,124.987243,153.657700,25.609617,60.000000,63.715165,4,True
1496.000000,20240.132650,20240.132650,0.000000,53.146805,75.160933,53.146805,75.160933,0.003102239,26.287594,119.733162,146.020756,24.336793,60.000000,63.535442,6,True
1497.000000,18936.157825,18936.157825,0.000000,49.722811,70.318674,49.722811,70.318674,0.003098759,22.983726,112.026477,135.010203,22.501700,60.000000,63.272827,6,True
1498.000000,16850.805545,16850.805545,0.000000,44.247066,62.574801,44.247066,62.574801,0.003093267,18.168023,99.699560,117.867583,19.644597,60.000000,62.864133,7,True
1499.000000,14392.614031,14392.614031,0.000000,37.792314,53.446404,37.792314,53.446404,0.003087024,13.227208,85.165172,98.392380,16.398730,60.000000,62.396192,7,True
1500.000000,11632.601588,11632.601588,0.000000,30.545038,43.197206,30.545038,43.197206,0.003080295,8.621738,68.841904,77.463642,12.910607,60.000000,61.891996,7,True
1501.000000,10245.311819,10245.311819,0.000000,26.902274,38.045561,26.902274,38.045561,0.003076903,6.680563,60.635681,67.316245,11.219374,60.000000,61.638000,6,True
1502.000000,9623.342138,9623.342138,0.000000,25.269098,35.735901,25.269098,35.735901,0.003075371,5.891126,56.956230,62.847355,10.474559,60.000000,61.524068,5,True
1503.000000,9347.242622,9347.242622,0.000000,24.544112,34.710616,24.544112,34.710616,0.003074687,5.556698,55.322817,60.879515,10.146586,60.000000,61.473615,4,True
1504.000000,9500.938258,9500.938258,0.000000,24.947688,35.281359,24.947688,35.281359,0.003074838,5.741219,56.232328,61.973546,10.328924,60.000000,61.497106,3,True
1505.000000,8790.088950,8790.088950,0.000000,23.081131,32.641648,23.081131,32.641648,0.003073453,4.912040,52.026414,56.938454,9.489742,60.000000,61.380128,5,True
1506.000000,8467.835024,8467.835024,0.000000,22.234952,31.444971,22.234952,31.444971,0.003072697,4.557361,50.119767,54.677128,9.112855,60.000000,61.323812,4,True
1507.000000,8997.518835,8997.518835,0.000000,23.625803,33.411931,23.625803,33.411931,0.003073664,5.146960,53.253934,58.400894,9.733482,60.000000,61.408587,5,True
1508.000000,9991.665336,9991.665336,0.000000,26.236246,37.103654,26.236246,37.103654,0.003075904,6.351808,59.135590,65.487399,10.914566,60.000000,61.576328,6,True
1509.000000,11469.474247,11469.474247,0.000000,30.116696,42.591439,30.116696,42.591439,0.003079294,8.378901,67.877761,76.256663,12.709444,60.000000,61.833034,6,True
1510.000000,14376.855488,14376.855488,0.000000,37.750935,53.387885,37.750935,53.387885,0.003086267,13.195024,85.073106,98.268130,16.378022,60.000000,62.355123,7,True
1511.000000,18424.383535,18424.383535,0.000000,48.378987,68.418220,48.378987,68.418220,0.003096655,21.743410,109.003023,130.746433,21.791072,60.000000,63.129943,8,True
1512.000000,22811.736671,22811.736671,0.000000,59.899357,84.710483,59.899357,84.710483,0.003108743,33.461886,134.929734,168.391619,28.065270,60.000000,64.034016,8,True
1513.000000,27132.957369,27132.957369,0.000000,71.246075,100.757165,71.246075,100.757165,0.003121530,47.534686,160.451847,207.986533,34.664422,60.000000,64.988489,8,True
1514.000000,29841.075744,29841.075744,0.000000,78.357087,110.813656,78.357087,110.813656,0.003130175,57.656258,176.438496,234.094754,39.015792,60.000000,65.630347,8,True
1515.000000,29533.867540,29533.867540,0.000000,77.550416,109.672850,77.550416,109.672850,0.003129695,56.466583,174.623630,231.090213,38.515035,60.000000,65.583493,4,True
1516.000000,25741.408693,25741.408693,0.000000,67.592128,95.589704,67.592128,95.589704,0.003118414,42.741253,152.231553,194.972806,32.495468,60.000000,64.741778,8,True
1517.000000,21440.158031,21440.158031,0.000000,56.297848,79.617180,56.297848,79.617180,0.003106003,29.532940,126.823318,156.356258,26.059376,60.000000,63.814891,8,True
1518.000000,17964.748108,17964.748108,0.000000,47.172071,66.711382,47.172071,66.711382,0.003096379,20.670227,106.284249,126.954477,21.159079,60.000000,63.097539,8,True
1519.000000,15388.206218,15388.206218,0.000000,40.406553,57.143496,40.406553,57.143496,0.003089589,15.133021,91.052084,106.185105,17.697517,60.000000,62.587486,7,True
1520.000000,13299.161488,13299.161488,0.000000,34.921112,49.385911,34.921112,49.385911,0.003084266,11.283642,78.698888,89.982529,14.997088,60.000000,62.191004,7,True
1521.000000,11098.383095,11098.383095,0.000000,29.142280,41.213407,29.142280,41.213407,0.003078948,7.844598,65.682016,73.526614,12.254436,60.000000,61.792857,7,True
1522.000000,8274.248857,8274.248857,0.000000,21.726631,30.726096,21.726631,30.726096,0.003072490,4.351074,48.974148,53.325222,8.887537,60.000000,61.307714,7,True
1523.000000,4209.155263,4209.155263,0.000000,11.052455,15.630532,11.052455,15.630532,0.003063745,1.122771,24.917421,26.040193,4.340032,60.000000,60.654648,8,True
1524.000000,-982.506849,-982.506849,0.000000,2.579879,3.648500,2.579879,3.648500,0.003057217,0.061044,5.816958,5.878002,0.979667,60.000000,60.162326,7,True
1525.000000,-5557.528797,-5557.528797,0.000000,14.593032,20.637664,14.593032,20.637664,0.003065827,1.958664,32.898284,34.856947,5.809491,60.000000,60.821005,8,True
1526.000000,-9254.720527,-9254.720527,0.000000,24.301166,34.367039,24.301166,34.367039,0.003073910,5.445863,54.775995,60.221858,10.036976,60.000000,61.431296,7,True
1527.000000,-11374.893816,-11374.893816,0.000000,29.868345,42.240219,29.868345,42.240219,0.003079014,8.240531,67.318370,75.558901,12.593150,60.000000,61.809929,7,True
1528.000000,-11075.235028,-11075.235028,0.000000,29.081497,41.127448,29.081497,41.127448,0.003078717,7.811323,65.545300,73.356623,12.226104,60.000000,61.772418,3,True
1529.000000,-8943.131269,-8943.131269,0.000000,23.482991,33.209965,23.482991,33.209965,0.003073892,5.085302,52.931807,58.017109,9.669518,60.000000,61.414813,7,True
1530.000000,-6062.150496,-6062.150496,0.000000,15.918074,22.511556,15.918074,22.511556,0.003067605,2.331856,35.884263,38.216119,6.369353,60.000000,60.941801,7,True
1531.000000,-2755.966883,-2755.966883,0.000000,7.236654,10.234174,7.236654,10.234174,0.003060740,0.480865,16.315717,16.796582,2.799430,60.000000,60.426267,7,True
1532.000000,713.113550,713.113550,0.000000,1.872503,2.648119,1.872503,2.648119,0.003056627,0.032152,4.222053,4.254205,0.709034,60.000000,60.116050,6,True
1533.000000,5854.836874,5854.836874,0.000000,15.373707,21.741705,15.373707,21.741705,0.003066401,2.174240,34.657859,36.832099,6.138683,60.000000,60.864775,8,True
1534.000000,11576.480697,11576.480697,0.000000,30.397675,42.988804,30.397675,42.988804,0.003079194,8.535697,68.511166,77.046862,12.841144,60.000000,61.824983,8,True
1535.000000,18537.626527,18537.626527,0.000000,48.676342,68.838744,48.676342,68.838744,0.003096692,22.011782,109.672921,131.684703,21.947450,60.000000,63.131782,9,True
1536.000000,26097.249383,26097.249383,0.000000,68.526499,96.911104,68.526499,96.911104,0.003118066,43.926203,154.336935,198.263138,33.043856,60.000000,64.728945,9,True
1537.000000,32362.909742,32362.909742,0.000000,84.978952,120.178387,84.978952,120.178387,0.003137908,67.980476,191.322043,259.302519,43.217087,60.000000,66.207060,9,True
1538.000000,38209.222493,38209.222493,0.000000,100.330277,141.888438,100.330277,141.888438,0.003158006,95.367028,225.801168,321.168196,53.528033,60.000000,67.701870,9,True
1539.000000,43031.802621,43031.802621,0.000000,112.993471,159.796899,112.993471,159.796899,0.003175902,121.645201,254.217680,375.862882,62.643814,60.000000,69.029596,9,True
1540.000000,47039.792466,47039.792466,0.000000,123.517703,174.680411,123.517703,174.680411,0.003191594,146.078833,277.816131,423.894964,70.649161,60.000000,70.196737,8,True
1541.000000,50163.547543,50163.547543,0.000000,131.720100,186.280352,131.720100,186.280352,0.003204497,166.795850,296.195417,462.991267,77.165211,60.000000,71.149883,8,True
1542.000000,50115.301025,50115.301025,0.000000,131.593414,186.101190,131.593414,186.101190,0.003204740,166.487794,295.909232,462.397026,77.066171,60.000000,71.169737,2,True
1543.000000,46373.412427,46373.412427,0.000000,121.767913,172.205835,121.767913,172.205835,0.003190364,141.914640,273.886636,415.801276,69.300213,60.000000,70.086695,8,True
1544.000000,37779.962410,37779.962410,0.000000,99.203120,140.294398,99.203120,140.294398,0.003158695,93.256606,223.261606,316.518211,52.753035,60.000000,67.737155,9,True
1545.000000,28231.848092,28231.848092,-0.000000,74.131556,104.837852,74.131556,104.837852,0.003126929,51.551999,166.933684,218.485683,36.414280,60.000000,65.373816,9,True
1546.000000,21639.725414,21639.725414,0.000000,56.821874,80.358265,56.821874,80.358265,0.003106907,30.094046,128.001682,158.095729,26.349288,60.000000,63.883815,9,True
1547.000000,17611.400012,17611.400012,0.000000,46.244245,65.399238,46.244245,65.399238,0.003095557,19.859823,104.195320,124.055143,20.675857,60.000000,63.035021,8,True
1548.000000,17027.644829,17027.644829,0.000000,44.711413,63.231486,44.711413,63.231486,0.003093675,18.553796,100.745094,119.298889,19.883148,60.000000,62.892092,5,True
1549.000000,17898.036704,17898.036704,0.000000,46.996899,66.463652,46.996899,66.463652,0.003095535,20.511406,105.891206,126.402612,21.067102,60.000000,63.050048,5,True
1550.000000,19495.813960,19495.813960,0.000000,51.192364,72.396935,51.192364,72.396935,0.003099743,24.370098,115.335327,139.705425,23.284237,60.000000,63.364487,6,True
1551.000000,21181.456855,21181.456855,0.000000,55.618547,78.656503,55.618547,78.656503,0.003104435,28.809993,125.296643,154.106636,25.684439,60.000000,63.710636,7,True
1552.000000,22161.511335,22161.511335,0.000000,58.191987,82.295897,58.191987,82.295897,0.003107247,31.566281,131.087293,162.653574,27.108929,60.000000,63.921808,6,True
1553.000000,22456.627256,22456.627256,0.000000,58.966906,83.391798,58.966906,83.391798,0.003108137,32.421875,132.830763,165.252638,27.542106,60.000000,63.990208,4,True
1554.000000,22717.062908,22717.062908,0.000000,59.650761,84.358915,59.650761,84.358915,0.003108916,33.186560,134.369319,167.555880,27.925980,60.000000,64.046882,4,True
1555.000000,24512.151372,24512.151372,0.000000,64.364328,91.024906,64.364328,91.024906,0.003113998,38.701703,144.973601,183.675303,30.612551,60.000000,64.425060,7,True
1556.000000,27130.633602,27130.633602,-0.000000,71.239973,100.748536,71.239973,100.748536,0.003121713,47.529334,160.437567,207.966902,34.661150,60.000000,65.003739,7,True
1557.000000,29884.313920,29884.313920,0.000000,78.470623,110.974219,78.470623,110.974219,0.003130337,57.826458,176.693622,234.520080,39.086680,60.000000,65.642409,8,True
1558.000000,33514.924277,33514.924277,0.000000,88.003927,124.456347,88.003927,124.456347,0.003142073,73.003155,198.117401,271.120556,45.186759,60.000000,66.518133,8,True
1559.000000,37383.426002,37383.426002,0.000000,98.161889,138.821875,98.161889,138.821875,0.003155326,91.211866,220.931851,312.143717,52.023953,60.000000,67.504636,8,True
1560.000000,39021.852575,39021.852575,0.000000,102.464091,144.906108,102.464091,144.906108,0.003161446,99.575032,230.589006,330.164038,55.027340,60.000000,67.958627,7,True
1561.000000,39887.788191,39887.788191,0.000000,104.737876,148.121725,104.737876,148.121725,0.003164718,104.151074,235.691947,339.843021,56.640503,60.000000,68.202021,6,True
1562.000000,40765.575703,40765.575703,0.000000,107.042782,151.381355,107.042782,151.381355,0.003167962,108.897035,240.864426,349.761461,58.293577,60.000000,68.442816,6,True
1563.000000,42489.544251,42489.544251,0.000000,111.569602,157.783244,111.569602,157.783244,0.003174303,118.539049,251.021510,369.560560,61.593427,60.000000,68.913212,7,True
1564.000000,44309.073339,44309.073339,0.000000,116.347345,164.539993,116.347345,164.539993,0.003181225,129.189894,261.737981,390.927875,65.154646,60.000000,69.427174,7,True
1565.000000,45308.468863,45308.468863,0.000000,118.971571,168.251209,118.971571,168.251209,0.003185206,135.252438,267.622098,402.874536,67.145756,60.000000,69.723405,6,True
1566.000000,47196.075357,47196.075357,0.000000,123.928073,175.260761,123.928073,175.260761,0.003192594,147.097172,278.734060,425.831232,70.971872,60.000000,70.270047,7,True
1567.000000,47411.105644,47411.105644,0.000000,124.492702,176.059267,124.492702,176.059267,0.003193728,148.493351,279.998220,428.491571,71.415262,60.000000,70.350136,5,True
1568.000000,45691.323607,45691.323607,0.000000,119.976876,169.672925,119.976876,169.672925,0.003187357,137.640751,269.872919,407.513670,67.918945,60.000000,69.865033,7,True
1569.000000,44764.110335,44764.110335,0.000000,117.542187,166.229755,117.542187,166.229755,0.003183665,131.958138,264.414171,396.372310,66.062052,60.000000,69.590582,6,True
1570.000000,43743.932641,43743.932641,0.000000,114.863391,162.441365,114.863391,162.441365,0.003179726,125.856081,258.406697,384.262779,64.043796,60.000000,69.298029,6,True
1571.000000,42633.394927,42633.394927,0.000000,111.947327,158.317427,111.947327,158.317427,0.003175436,119.385653,251.866154,371.251807,61.875301,60.000000,68.984361,7,True
1572.000000,41435.211085,41435.211085,0.000000,108.801120,153.868019,108.801120,153.868019,0.003170944,112.609912,244.807669,357.417581,59.569597,60.000000,68.650825,7,True
1573.000000,38249.610402,38249.610402,0.000000,100.436328,142.038417,100.436328,142.038417,0.003159569,95.616027,226.033397,321.649425,53.608237,60.000000,67.804814,8,True
1574.000000,33891.623759,33891.623759,0.000000,88.993069,125.855206,88.993069,125.855206,0.003144602,74.713546,200.334931,275.048477,45.841413,60.000000,66.690171,8,True
1575.000000,30343.870198,30343.870198,0.000000,79.677332,112.680763,79.677332,112.680763,0.003132796,59.665456,179.402718,239.068175,39.844696,60.000000,65.813378,8,True
1576.000000,25706.467242,25706.467242,0.000000,67.500378,95.459950,67.500378,95.459950,0.003118495,42.626401,152.024689,194.651090,32.441848,60.000000,64.746000,8,True
1577.000000,20919.343800,20919.343800,0.000000,54.930287,77.683157,54.930287,77.683157,0.003104624,28.103088,123.745713,151.848801,25.308133,60.000000,63.711093,8,True
1578.000000,17018.226501,17018.226501,0.000000,44.686682,63.196512,44.686682,63.196512,0.003093934,18.534824,100.688892,119.223716,19.870619,60.000000,62.914101,8,True
1579.000000,14982.865305,14982.865305,0.000000,39.342204,55.638278,39.342204,55.638278,0.003088493,14.341193,88.655463,102.996657,17.166109,60.000000,62.507111,7,True
1580.000000,12957.372401,12957.372401,-0.000000,34.023638,48.116690,34.023638,48.116690,0.003083412,10.708146,76.677526,87.385672,14.564279,60.000000,62.127299,7,True
1581.000000,11835.937529,11835.937529,0.000000,31.078960,43.952286,31.078960,43.952286,0.003080619,8.926725,70.044832,78.971557,13.161926,60.000000,61.917612,6,True
1582.000000,10754.669809,10754.669809,0.000000,28.239753,39.937041,28.239753,39.937041,0.003078027,7.364028,63.648943,71.012971,11.835495,60.000000,61.724030,6,True
1583.000000,7722.682304,7722.682304,0.000000,20.278320,28.677876,20.278320,28.677876,0.003071261,3.788802,45.710534,49.499335,8.249889,60.000000,61.215242,7,True
1584.000000,5638.607040,5638.607040,0.000000,14.805928,20.938744,14.805928,20.938744,0.003066617,2.016750,33.377748,35.394498,5.899083,60.000000,60.869725,7,True
1585.000000,3554.606834,3554.606834,0.000000,9.333733,13.199892,9.333733,13.199892,0.003062232,0.800332,21.043201,21.843533,3.640589,60.000000,60.541145,7,True
1586.000000,1476.635847,1476.635847,0.000000,3.877370,5.483429,3.877370,5.483429,0.003058110,0.137927,8.742318,8.880245,1.480041,60.000000,60.227225,6,True
1587.000000,333.192560,333.192560,0.000000,0.874901,1.237297,0.874901,1.237297,0.003055760,0.007017,1.972728,1.979745,0.329958,60.000000,60.055323,6,True
1588.000000,1039.833115,1039.833115,0.000000,2.730407,3.861379,2.730407,3.861379,0.003056846,0.068367,6.156401,6.224769,1.037461,60.000000,60.147919,5,True
1589.000000,3572.812577,3572.812577,0.000000,9.381538,13.267498,9.381538,13.267498,0.003061768,0.808428,21.151159,21.959588,3.659931,60.000000,60.517233,7,True
1590.000000,6118.056128,6118.056128,0.000000,16.064872,22.719160,16.064872,22.719160,0.003067091,2.374665,36.215533,38.590198,6.431700,60.000000,60.916894,7,True
1591.000000,8660.202372,8660.202372,0.000000,22.740073,32.159319,22.740073,32.159319,0.003072695,4.766772,51.258360,56.025133,9.337522,60.000000,61.337260,7,True
1592.000000,10340.373275,10340.373275,0.000000,27.151888,38.398568,27.151888,38.398568,0.003076583,6.804401,61.198652,68.003053,11.333842,60.000000,61.631140,6,True
1593.000000,12008.866351,12008.866351,0.000000,31.533038,44.594451,31.533038,44.594451,0.003080541,9.189247,71.068322,80.257570,13.376262,60.000000,61.927665,6,True
1594.000000,13728.332416,13728.332416,0.000000,36.048035,50.979620,36.048035,50.979620,0.003084725,12.025439,81.237858,93.263297,15.543883,60.000000,62.241396,6,True
1595.000000,11889.603558,11889.603558,0.000000,31.219877,44.151573,31.219877,44.151573,0.003080801,9.008391,70.362191,79.370582,13.228430,60.000000,61.927992,6,True
1596.000000,10001.326925,10001.326925,0.000000,26.261615,37.139532,26.261615,37.139532,0.003076321,6.364962,59.192318,65.557280,10.926213,60.000000,61.597164,7,True
1597.000000,7244.567687,7244.567687,0.000000,19.022881,26.902416,19.022881,26.902416,0.003070177,3.333014,42.881429,46.214444,7.702407,60.000000,61.134730,7,True
1598.000000,3562.687004,3562.687004,0.000000,9.354950,13.229897,9.354950,13.229897,0.003062428,0.804026,21.090960,21.894986,3.649164,60.000000,60.551845,7,True
1599.000000,1648.720049,1648.720049,0.000000,4.329231,6.122457,4.329231,6.122457,0.003058449,0.171967,9.761069,9.933036,1.655506,60.000000,60.253129,6,True
1600.000000,-157.169339,-157.169339,0.000000,0.412697,0.583642,0.412697,0.583642,0.003055468,0.001561,0.930555,0.932116,0.155353,60.000000,60.031819,6,True
1601.000000,-793.332586,-793.332586,0.000000,2.083143,2.946009,2.083143,2.946009,0.003056384,0.039789,4.697018,4.736808,0.789468,60.000000,60.112575,5,True
1602.000000,243.041117,243.041117,0.000000,0.638181,0.902524,0.638181,0.902524,0.003055575,0.003733,1.438975,1.442708,0.240451,60.000000,60.037351,4,True
1603.000000,3467.211843,3467.211843,0.000000,9.104250,12.875354,9.104250,12.875354,0.003061496,0.761278,20.526103,21.287381,3.547897,60.000000,60.498248,7,True
1604.000000,5854.559038,5854.559038,0.000000,15.372978,21.740674,15.372978,21.740674,0.003066535,2.174129,34.656129,36.830257,6.138376,60.000000,60.874893,7,True
1605.000000,9072.729191,9072.729191,0.000000,23.823291,33.691221,23.823291,33.691221,0.003073559,5.233188,53.699188,58.932376,9.822063,60.000000,61.403702,7,True
1606.000000,11515.014132,11515.014132,0.000000,30.236275,42.760550,30.236275,42.760550,0.003079317,8.445635,68.147243,76.592878,12.765480,60.000000,61.833469,7,True
1607.000000,13118.656952,13118.656952,0.000000,34.447141,48.715614,34.447141,48.715614,0.003083231,10.975735,77.632214,88.607950,14.767992,60.000000,62.128945,6,True
1608.000000,14777.576719,14777.576719,0.000000,38.803154,54.875947,38.803154,54.875947,0.003087353,13.945741,87.442576,101.388317,16.898053,60.000000,62.437867,6,True
1609.000000,16436.496485,16436.496485,0.000000,43.159168,61.036280,43.159168,61.036280,0.003091590,17.276243,97.251250,114.527493,19.087916,60.000000,62.755106,6,True
1610.000000,17332.167754,17332.167754,0.000000,45.511033,64.362320,45.511033,64.362320,0.003094054,19.225718,102.546109,121.771827,20.295305,60.000000,62.935050,6,True
1611.000000,18197.147750,18197.147750,0.000000,47.782309,67.574389,47.782309,67.574389,0.003096362,21.208366,107.659222,128.867588,21.477931,60.000000,63.107323,6,True
1612.000000,20801.745904,20801.745904,0.000000,54.621497,77.246461,54.621497,77.246461,0.003103263,27.775828,123.053149,150.828977,25.138163,60.000000,63.625777,7,True
1613.000000,23459.810518,23459.810518,0.000000,61.601078,87.117079,61.601078,87.117079,0.003110770,35.413250,138.757888,174.171138,29.028523,60.000000,64.187046,7,True
1614.000000,26220.557504,26220.557504,0.000000,68.850283,97.369004,68.850283,97.369004,0.003118911,44.354290,155.063771,199.418061,33.236343,60.000000,64.795204,7,True
1615.000000,29055.446826,29055.446826,-0.000000,76.294173,107.896254,76.294173,107.896254,0.003127700,54.617151,171.801164,226.418315,37.736386,60.000000,65.445979,8,True
1616.000000,32874.063389,32874.063389,0.000000,86.321146,122.076535,86.321146,122.076535,0.003139910,70.189608,194.336753,264.526361,44.087727,60.000000,66.357429,8,True
1617.000000,35992.815404,35992.815404,0.000000,94.510406,133.657898,94.510406,133.657898,0.003150567,84.424640,212.731987,297.156627,49.526105,60.000000,67.149258,8,True
1618.000000,38350.348789,38350.348789,0.000000,100.700848,142.412505,100.700848,142.412505,0.003158987,96.102655,226.631109,322.733763,53.788961,60.000000,67.773697,8,True
1619.000000,38159.957176,38159.957176,0.000000,100.200915,141.705493,100.200915,141.705493,0.003158791,95.144890,225.506800,320.651691,53.441948,60.000000,67.747296,3,True
1620.000000,36070.232091,36070.232091,0.000000,94.713688,133.945382,94.713688,133.945382,0.003151726,84.819388,213.185039,298.004428,49.667405,60.000000,67.220402,7,True
1621.000000,33885.928025,33885.928025,0.000000,88.978113,125.834055,88.978113,125.834055,0.003144291,74.681053,200.302401,274.983454,45.830576,60.000000,66.667170,7,True
1622.000000,30660.092704,30660.092704,0.000000,80.507673,113.855043,80.507673,113.855043,0.003133728,60.933640,181.269238,242.202878,40.367146,60.000000,65.883531,8,True
1623.000000,25480.367142,25480.367142,0.000000,66.906682,94.620337,66.906682,94.620337,0.003117878,41.871579,150.689264,192.560844,32.093474,60.000000,64.699073,8,True
1624.000000,19184.368265,19184.368265,0.000000,50.374565,71.240394,50.374565,71.240394,0.003099959,23.599342,113.492394,137.091736,22.848623,60.000000,63.365511,9,True
1625.000000,13683.543191,13683.543191,0.000000,35.930427,50.813297,35.930427,50.813297,0.003085614,11.950541,80.971495,92.922036,15.487006,60.000000,62.289611,8,True
1626.000000,5387.939477,5387.939477,0.000000,14.147722,20.007900,14.147722,20.007900,0.003066631,1.841432,31.893913,33.735345,5.622558,60.000000,60.870621,9,True
1627.000000,-2375.259371,-2375.259371,0.000000,6.236987,8.820432,6.236987,8.820432,0.003060015,0.357104,14.062062,14.419165,2.403194,60.000000,60.372143,7,True
1628.000000,-6895.576928,-6895.576928,0.000000,18.106496,25.606452,18.106496,25.606452,0.003068721,3.018197,40.816805,43.835002,7.305834,60.000000,61.038077,8,True
1629.000000,-9690.701476,-9690.701476,0.000000,25.445971,35.986037,25.445971,35.986037,0.003075007,5.973177,57.355284,63.328460,10.554743,60.000000,61.511279,7,True
1630.000000,-9739.545910,-9739.545910,0.000000,25.574227,36.167419,25.574227,36.167419,0.003075353,6.034221,57.644007,63.678228,10.613038,60.000000,61.535974,3,True
1631.000000,-6648.248357,-6648.248357,0.000000,17.457058,24.688008,17.457058,24.688008,0.003068872,2.805706,39.352691,42.158396,7.026399,60.000000,61.036362,7,True
1632.000000,-2071.000801,-2071.000801,0.000000,5.438061,7.690580,5.438061,7.690580,0.003059422,0.271424,12.260917,12.532342,2.088724,60.000000,60.329955,8,True
1633.000000,4802.739247,4802.739247,0.000000,12.611096,17.834782,12.611096,17.834782,0.003064358,1.462064,28.431008,29.893072,4.982179,60.000000,60.711660,7,True
1634.000000,11349.752527,11349.752527,0.000000,29.802329,42.146858,29.802329,42.146858,0.003078610,8.203068,67.170078,75.373146,12.562191,60.000000,61.782144,8,True
1635.000000,13799.038750,13799.038750,-0.000000,36.233697,51.242185,36.233697,51.242185,0.003084824,12.150018,81.656117,93.806135,15.634356,60.000000,62.246226,7,True
1636.000000,13799.038750,13799.038750,-0.000000,36.233697,51.242185,36.233697,51.242185,0.003085041,12.150873,81.655791,93.806664,15.634444,60.000000,62.264150,2,True
1637.000000,11295.044038,11295.044038,0.000000,29.658675,41.943700,29.658675,41.943700,0.003079414,8.126299,66.845315,74.971614,12.495269,60.000000,61.827120,7,True
1638.000000,8746.043464,8746.043464,0.000000,22.965475,32.478087,22.965475,32.478087,0.003073524,4.863050,51.765651,56.628702,9.438117,60.000000,61.385910,7,True
1639.000000,7008.516408,7008.516408,0.000000,18.403054,26.025849,18.403054,26.025849,0.003069611,3.118777,41.484646,44.603424,7.433904,60.000000,61.090319,6,True
1640.000000,6893.738399,6893.738399,0.000000,18.101669,25.599625,18.101669,25.599625,0.003069198,3.017056,40.805564,43.822621,7.303770,60.000000,61.061397,3,True
1641.000000,9239.587298,9239.587298,0.000000,24.261429,34.310842,24.261429,34.310842,0.003074069,5.428347,54.686267,60.114614,10.019102,60.000000,61.439515,7,True
1642.000000,13243.264037,13243.264037,0.000000,34.774336,49.178338,34.774336,49.178338,0.003083401,11.185848,78.369356,89.555204,14.925867,60.000000,62.137901,8,True
1643.000000,18952.567593,18952.567593,0.000000,49.765900,70.379611,49.765900,70.379611,0.003097885,23.017084,112.125355,135.142439,22.523740,60.000000,63.224343,8,True
1644.000000,24017.164316,24017.164316,0.000000,63.064584,89.186791,63.064584,89.186791,0.003112127,37.132107,142.050941,179.183048,29.863841,60.000000,64.287857,8,True
1645.000000,28397.336023,28397.336023,0.000000,74.566097,105.452385,74.566097,105.452385,0.003125409,52.132792,167.916877,220.049668,36.674945,60.000000,65.278003,8,True
1646.000000,32149.141006,32149.141006,0.000000,84.417635,119.384565,84.417635,119.384565,0.003137497,67.076594,190.059718,257.136312,42.856052,60.000000,66.177760,8,True
1647.000000,35181.593817,35181.593817,0.000000,92.380290,130.645459,92.380290,130.645459,0.003147781,80.590602,207.947925,288.538526,48.089754,60.000000,66.941863,8,True
1648.000000,38377.107475,38377.107475,0.000000,100.771111,142.511872,100.771111,142.511872,0.003158961,96.236008,226.789348,323.025356,53.837559,60.000000,67.773439,8,True
1649.000000,39980.927884,39980.927884,0.000000,104.982444,148.467596,104.982444,148.467596,0.003164950,104.645733,236.241295,340.887027,56.814505,60.000000,68.218696,7,True
1650.000000,40746.950503,40746.950503,0.000000,106.993876,151.312191,106.993876,151.312191,0.003167901,108.795458,240.754646,349.550104,58.258351,60.000000,68.437583,6,True
1651.000000,39762.267253,39762.267253,0.000000,104.408282,147.655608,104.408282,147.655608,0.003164731,103.497058,234.950201,338.447259,56.407877,60.000000,68.187041,6,True
1652.000000,37747.522199,37747.522199,0.000000,99.117938,140.173932,99.117938,140.173932,0.003157637,93.065351,223.074206,316.139557,52.689926,60.000000,67.659711,7,True
1653.000000,36531.352236,36531.352236,0.000000,95.924503,135.657733,95.924503,135.657733,0.003153222,87.043220,215.904485,302.947705,50.491284,60.000000,67.334925,7,True
1654.000000,34330.587397,34330.587397,0.000000,90.145706,127.485280,90.145706,127.485280,0.003145791,76.690447,202.925255,279.615703,46.602617,60.000000,66.778698,7,True
1655.000000,32904.864829,32904.864829,0.000000,86.402025,122.190915,86.402025,122.190915,0.003140874,70.342788,194.515409,264.858198,44.143033,60.000000,66.415958,7,True
1656.000000,33294.485485,33294.485485,0.000000,87.425096,123.637756,87.425096,123.637756,0.003141804,72.039802,196.815287,268.855089,44.809182,60.000000,66.496086,5,True
1657.000000,33687.469482,33687.469482,0.000000,88.456998,125.097087,88.456998,125.097087,0.003143077,73.780353,199.133715,272.914068,45.485678,60.000000,66.591870,5,True
1658.000000,34083.839768,34083.839768,0.000000,89.497793,126.568992,89.497793,126.568992,0.003144407,75.558726,201.471849,277.030575,46.171762,60.000000,66.690988,5,True
1659.000000,34483.619224,34483.619224,0.000000,90.547539,128.053557,90.547539,128.053557,0.003145760,77.374910,203.829931,281.204840,46.867473,60.000000,66.791768,5,True
1660.000000,34886.830665,34886.830665,0.000000,91.606297,129.550867,91.606297,129.550867,0.003147133,79.229524,206.208108,285.437631,47.572939,60.000000,66.893999,5,True
1661.000000,34343.757590,34343.757590,0.000000,90.180288,127.534187,90.180288,127.534187,0.003145594,76.744488,203.003835,279.748323,46.624721,60.000000,66.764767,5,True
1662.000000,34696.975465,34696.975465,0.000000,91.107772,128.845847,91.107772,128.845847,0.003146523,78.354334,205.088204,283.442538,47.240423,60.000000,66.847356,5,True
1663.000000,35103.933149,35103.933149,0.000000,92.176367,130.357069,92.176367,130.357069,0.003147879,80.237705,207.488523,287.726228,47.954371,60.000000,66.949471,5,True
1664.000000,33529.064080,33529.064080,0.000000,88.041055,124.508855,88.041055,124.508855,0.003142937,73.084849,198.197858,271.282707,45.213785,60.000000,66.569166,7,True
1665.000000,32857.933317,32857.933317,0.000000,86.278791,122.016637,86.278791,122.016637,0.003140610,70.136379,194.238913,264.375293,44.062549,60.000000,66.396630,6,True
1666.000000,31203.136865,31203.136865,0.000000,81.933605,115.871616,81.933605,115.871616,0.003135281,63.142508,184.474596,247.617104,41.269517,60.000000,65.999081,7,True
1667.000000,29437.696232,29437.696232,0.000000,77.297888,109.315722,77.297888,109.315722,0.003129641,56.098467,174.055174,230.153641,38.358940,60.000000,65.578654,7,True
1668.000000,28643.198518,28643.198518,0.000000,75.211686,106.365386,75.211686,106.365386,0.003127023,53.066813,169.365689,222.432502,37.072084,60.000000,65.384162,6,True
1669.000000,27797.593399,27797.593399,0.000000,72.991285,103.225265,72.991285,103.225265,0.003124381,49.937551,164.373620,214.311171,35.718529,60.000000,65.187148,6,True
1670.000000,26947.809224,26947.809224,0.000000,70.759910,100.069625,70.759910,100.069625,0.003121764,46.891690,159.356283,206.247973,34.374662,60.000000,64.992136,6,True
1671.000000,25060.577128,25060.577128,0.000000,65.804392,93.061463,65.804392,93.061463,0.003116187,40.481307,148.211243,188.692550,31.448758,60.000000,64.575769,7,True
1672.000000,24114.702811,24114.702811,0.000000,63.320702,89.548996,63.320702,89.548996,0.003113312,37.448584,142.624740,180.073324,30.012221,60.000000,64.361106,6,True
1673.000000,24157.676311,24157.676311,0.000000,63.433543,89.708576,63.433543,89.708576,0.003113221,37.581075,142.879142,180.460217,30.076703,60.000000,64.362078,1,True
1674.000000,23209.572172,23209.572172,0.000000,60.943998,86.187829,60.943998,86.187829,0.003110644,34.660387,137.278120,171.938507,28.656418,60.000000,64.162413,6,True
1675.000000,22218.437905,22218.437905,0.000000,58.341465,82.507291,58.341465,82.507291,0.003107820,31.734511,131.422639,163.157149,27.192858,60.000000,63.951273,6,True
1676.000000,21227.303638,21227.303638,0.000000,55.738932,78.826753,55.738932,78.826753,0.003105020,28.940297,125.566498,154.506795,25.751132,60.000000,63.742261,6,True
1677.000000,19205.910189,19205.910189,0.000000,50.431130,71.320389,50.431130,71.320389,0.003099538,23.649157,113.620711,137.269868,22.878311,60.000000,63.332863,7,True
1678.000000,17150.247918,17150.247918,0.000000,45.033346,63.686768,45.033346,63.686768,0.003094060,18.824281,101.469766,120.294047,20.049008,60.000000,62.923377,7,True
1679.000000,16051.790348,16051.790348,0.000000,42.149001,59.607689,42.149001,59.607689,0.003091119,16.474474,94.975847,111.450321,18.575054,60.000000,62.702982,6,True
1680.000000,15942.631941,15942.631941,-0.000000,41.862372,59.202334,41.862372,59.202334,0.003090740,16.249177,94.330631,110.579808,18.429968,60.000000,62.674386,3,True
1681.000000,17797.503900,17797.503900,0.000000,46.732919,66.090327,46.732919,66.090327,0.003095227,20.279608,105.297014,125.576622,20.929437,60.000000,63.022551,7,True
1682.000000,20702.779380,20702.779380,0.000000,54.361629,76.878953,54.361629,76.878953,0.003102938,27.509281,122.468441,149.977722,24.996287,60.000000,63.602453,7,True
1683.000000,23645.721755,23645.721755,0.000000,62.089246,87.807453,62.089246,87.807453,0.003111264,35.982461,139.856233,175.838694,29.306449,60.000000,64.224869,7,True
1684.000000,27660.655644,27660.655644,0.000000,72.631712,102.716752,72.631712,102.716752,0.003123208,49.428188,163.567388,212.995576,35.499263,60.000000,65.113063,8,True
1685.000000,29814.685995,29814.685995,0.000000,78.287793,110.715658,78.287793,110.715658,0.003130115,57.553222,176.282658,233.835880,38.972647,60.000000,65.628964,7,True
1686.000000,30004.532893,30004.532893,0.000000,78.786295,111.420647,78.786295,111.420647,0.003130961,58.304260,177.402403,235.706662,39.284444,60.000000,65.691662,4,True
1687.000000,30195.285022,30195.285022,0.000000,79.287175,112.128998,79.287175,112.128998,0.003131629,59.060541,178.528047,237.588589,39.598098,60.000000,65.739528,4,True
1688.000000,28396.866314,28396.866314,-0.000000,74.564863,105.450641,74.564863,105.450641,0.003126332,52.146465,167.911262,220.057727,36.676288,60.000000,65.332370,7,True
1689.000000,26496.710678,26496.710678,-0.000000,69.575410,98.394488,69.575410,98.394488,0.003120523,45.316900,156.692265,202.009166,33.668194,60.000000,64.898889,7,True
1690.000000,25588.698433,25588.698433,0.000000,67.191139,95.022621,67.191139,95.022621,0.003117679,42.225684,151.330479,193.556164,32.259361,60.000000,64.686981,6,True
1691.000000,24634.134071,24634.134071,0.000000,64.684632,91.477883,64.684632,91.477883,0.003114830,39.098290,145.692831,184.791120,30.798520,60.000000,64.474374,6,True
1692.000000,24677.790417,24677.790417,-0.000000,64.799265,91.640000,64.799265,91.640000,0.003114739,39.235856,145.951267,185.187123,30.864520,60.000000,64.476202,1,True
1693.000000,24721.503997,24721.503997,0.000000,64.914049,91.802328,64.914049,91.802328,0.003114764,39.375291,146.209735,185.585027,30.930838,60.000000,64.484756,1,True
1694.000000,24765.274860,24765.274860,0.000000,65.028983,91.964870,65.028983,91.964870,0.003114879,39.516302,146.468301,185.984602,30.997434,60.000000,64.494265,1,True
1695.000000,24809.102977,24809.102977,0.000000,65.144067,92.127624,65.144067,92.127624,0.003115006,39.657915,146.727169,186.385084,31.064181,60.000000,64.503923,1,True
1696.000000,24852.988392,24852.988392,0.000000,65.259302,92.290590,65.259302,92.290590,0.003115135,39.799997,146.986370,186.786367,31.131061,60.000000,64.513617,1,True
1697.000000,24896.931220,24896.931220,0.000000,65.374688,92.453770,65.374688,92.453770,0.003115265,39.942529,147.245907,187.188436,31.198073,60.000000,64.523332,1,True
1698.000000,23936.519637,23936.519637,0.000000,62.852827,88.887320,62.852827,88.887320,0.003112758,36.890641,141.572327,178.462967,29.743828,60.000000,64.320073,6,True
1699.000000,21927.695889,21927.695889,0.000000,57.578031,81.427632,57.578031,81.427632,0.003107096,30.902214,129.704613,160.606827,26.767804,60.000000,63.897201,7,True
1700.000000,19878.777103,19878.777103,0.000000,52.197953,73.819053,52.197953,73.819053,0.003101397,25.350442,117.597332,142.947774,23.824629,60.000000,63.471461,7,True
1701.000000,18796.690413,18796.690413,0.000000,49.356596,69.800767,49.356596,69.800767,0.003098365,22.643536,111.202191,133.845727,22.307621,60.000000,63.244504,6,True
1702.000000,18718.463898,18718.463898,0.000000,49.151188,69.510276,49.151188,69.510276,0.003098031,22.453036,110.740077,133.193113,22.198852,60.000000,63.220734,3,True
1703.000000,17641.521739,17641.521739,0.000000,46.323339,65.511094,46.323339,65.511094,0.003095242,19.925788,104.374134,124.299922,20.716654,60.000000,63.011586,6,True
1704.000000,17527.297098,17527.297098,0.000000,46.023406,65.086925,46.023406,65.086925,0.003094869,19.666224,103.699046,123.365270,20.560878,60.000000,62.983157,3,True
1705.000000,18446.471966,18446.471966,0.000000,48.436988,68.500245,48.436988,68.500245,0.003097040,21.798286,109.132933,130.931219,21.821870,60.000000,63.158117,6,True
1706.000000,18369.273044,18369.273044,0.000000,48.234278,68.213570,48.234278,68.213570,0.003097114,21.616729,108.676062,130.292791,21.715465,60.000000,63.148445,1,True
1707.000000,19284.216798,19284.216798,0.000000,50.636749,71.611177,50.636749,71.611177,0.003099296,23.840528,114.084475,137.925003,22.987501,60.000000,63.326787,6,True
1708.000000,20236.169370,20236.169370,0.000000,53.136398,75.146215,53.136398,75.146215,0.003101880,26.274258,119.710505,145.984764,24.330794,60.000000,63.520372,6,True
1709.000000,20196.263385,20196.263385,0.000000,53.031613,74.998026,53.031613,74.998026,0.003101962,26.171423,119.474256,145.645679,24.274280,60.000000,63.519013,1,True
1710.000000,22135.558455,22135.558455,0.000000,58.123839,82.199522,58.123839,82.199522,0.003107111,31.491012,130.934106,162.425118,27.070853,60.000000,63.911187,7,True
1711.000000,24157.676311,24157.676311,0.000000,63.433543,89.708576,63.433543,89.708576,0.003112901,37.577212,142.879979,180.457192,30.076199,60.000000,64.344092,7,True
1712.000000,25191.840706,25191.840706,0.000000,66.149065,93.548905,66.149065,93.548905,0.003116041,40.904564,148.987951,189.892516,31.648753,60.000000,64.578883,6,True
1713.000000,27265.025846,27265.025846,0.000000,71.592862,101.247596,71.592862,101.247596,0.003122213,48.009060,161.230824,209.239884,34.873314,60.000000,65.039112,7,True
1714.000000,28396.866314,28396.866314,-0.000000,74.564863,105.450641,74.564863,105.450641,0.003125784,52.137312,167.912948,220.050261,36.675043,60.000000,65.306473,6,True
1715.000000,29533.905420,29533.905420,0.000000,77.550516,109.672991,77.550516,109.672991,0.003129371,56.460890,174.624888,231.085778,38.514296,60.000000,65.573814,6,True
1716.000000,30724.544132,30724.544132,-0.000000,80.676910,114.094381,80.676910,114.094381,0.003133168,61.179152,181.652150,242.831302,40.471884,60.000000,65.857161,6,True
1717.000000,31922.347050,31922.347050,0.000000,83.822117,118.542374,83.822117,118.542374,0.003137060,66.124337,188.720464,254.844802,42.474134,60.000000,66.147195,6,True
1718.000000,33177.795712,33177.795712,0.000000,87.118690,123.204433,87.118690,123.204433,0.003141200,71.521975,196.127657,267.649632,44.608272,60.000000,66.455946,6,True
1719.000000,34442.495911,34442.495911,0.000000,90.439557,127.900848,90.439557,127.900848,0.003145522,77.184622,203.587741,280.772363,46.795394,60.000000,66.772718,7,True
1720.000000,34753.003151,34753.003151,0.000000,91.254891,129.053904,91.254891,129.053904,0.003146684,78.611616,205.418769,284.030384,47.338397,60.000000,66.859624,5,True
1721.000000,32973.292415,32973.292415,0.000000,86.581703,122.445019,86.581703,122.445019,0.003141110,70.640964,194.919074,265.560038,44.260006,60.000000,66.432484,7,True
1722.000000,30106.907741,30106.907741,0.000000,79.055113,111.800812,79.055113,111.800812,0.003131883,58.720090,178.004694,236.724784,39.454131,60.000000,65.746904,8,True
1723.000000,27129.958984,27129.958984,0.000000,71.238201,100.746031,71.238201,100.746031,0.003122579,47.540146,160.431036,207.971183,34.661864,60.000000,65.053501,8,True
1724.000000,24099.808132,24099.808132,0.000000,63.281592,89.493685,63.281592,89.493685,0.003113489,37.404461,142.536185,179.940646,29.990108,60.000000,64.375696,8,True
1725.000000,17907.489885,17907.489885,0.000000,47.021721,66.498756,47.021721,66.498756,0.003096470,20.539278,105.945318,126.484596,21.080766,60.000000,63.104975,9,True
1726.000000,9545.263037,9545.263037,0.000000,25.064077,35.445957,25.064077,35.445957,0.003075909,5.796932,56.493556,62.290488,10.381748,60.000000,61.565461,9,True
1727.000000,128.822509,128.822509,0.000000,0.338264,0.478377,0.338264,0.478377,0.003056068,0.001049,0.762713,0.763762,0.127294,60.000000,60.077965,9,True
1728.000000,-6314.357463,-6314.357463,0.000000,16.580322,23.448117,16.580322,23.448117,0.003067392,2.529743,37.377322,39.907065,6.651178,60.000000,60.939954,8,True
1729.000000,-12590.521454,-12590.521454,-0.000000,33.060356,46.754404,33.060356,46.754404,0.003081577,10.104371,74.509133,84.613504,14.102251,60.000000,62.004219,8,True
1730.000000,-16277.957531,-16277.957531,0.000000,42.742874,60.447552,42.742874,60.447552,0.003091014,16.941414,96.314227,113.255642,18.875940,60.000000,62.707580,8,True
1731.000000,-17463.367062,-17463.367062,0.000000,45.855538,64.849524,45.855538,64.849524,0.003094314,19.519524,103.321860,122.841384,20.473564,60.000000,62.956646,6,True
1732.000000,-17431.633921,-17431.633921,0.000000,45.772213,64.731684,45.772213,64.731684,0.003094419,19.449308,103.133913,122.583221,20.430537,60.000000,62.960996,1,True
1733.000000,-16258.801051,-16258.801051,0.000000,42.692573,60.376415,42.692573,60.376415,0.003091628,16.904921,96.199797,113.104718,18.850786,60.000000,62.741067,6,True
1734.000000,-15115.359672,-15115.359672,0.000000,39.690109,56.130291,39.690109,56.130291,0.003088709,14.596976,89.439094,104.036070,17.339345,60.000000,62.522818,6,True
1735.000000,-14539.180553,-14539.180553,0.000000,38.177171,53.990672,38.177171,53.990672,0.003087208,13.498782,86.032157,99.530939,16.588490,60.000000,62.410265,5,True
1736.000000,-15022.896387,-15022.896387,0.000000,39.447318,55.786932,39.447318,55.786932,0.003088165,14.416395,88.892869,103.309263,17.218211,60.000000,62.494168,5,True
1737.000000,-14949.155659,-14949.155659,-0.000000,39.253689,55.513099,39.253689,55.513099,0.003088159,14.275189,88.456542,102.731731,17.121955,60.000000,62.482826,2,True
1738.000000,-14358.141582,-14358.141582,-0.000000,37.701796,53.318391,37.701796,53.318391,0.003086735,13.162691,84.961639,98.124329,16.354055,60.000000,62.375197,5,True
1739.000000,-13280.670345,-13280.670345,0.000000,34.872558,49.317245,34.872558,49.317245,0.003084100,11.251678,78.589705,89.841384,14.973564,60.000000,62.178598,6,True
1740.000000,-10788.807279,-10788.807279,0.000000,28.329391,40.063810,28.329391,40.063810,0.003078233,7.411349,63.850735,71.262084,11.877014,60.000000,61.738668,7,True
1741.000000,-7435.566070,-7435.566070,0.000000,19.524407,27.611681,19.524407,27.611681,0.003070676,3.511648,44.011566,47.523214,7.920536,60.000000,61.170521,7,True
1742.000000,-5113.172514,-5113.172514,0.000000,13.426235,18.987564,13.426235,18.987564,0.003065529,1.657812,30.268043,31.925855,5.320976,60.000000,60.787559,7,True
1743.000000,-3770.583500,-3770.583500,0.000000,9.900848,14.001913,9.900848,14.001913,0.003062647,0.900664,22.321608,23.222273,3.870379,60.000000,60.570652,6,True
1744.000000,-2449.794151,-2449.794151,0.000000,6.432702,9.097214,6.432702,9.097214,0.003059939,0.379858,14.503344,14.883202,2.480534,60.000000,60.367921,6,True
1745.000000,-2053.689340,-2053.689340,0.000000,5.392604,7.626294,5.392604,7.626294,0.003059103,0.266878,12.158500,12.425378,2.070896,60.000000,60.303458,4,True
1746.000000,-2111.271626,-2111.271626,0.000000,5.543805,7.840124,5.543805,7.840124,0.003058995,0.282043,12.499430,12.781474,2.130246,60.000000,60.309024,1,True
1747.000000,-1282.635961,-1282.635961,0.000000,3.367962,4.763018,3.367962,4.763018,0.003057586,0.104048,7.593828,7.697877,1.282979,60.000000,60.190287,5,True
1748.000000,-456.575003,-456.575003,0.000000,1.198881,1.695473,1.198881,1.695473,0.003055989,0.013177,2.703225,2.716403,0.452734,60.000000,60.070381,5,True
1749.000000,577.200436,577.200436,0.000000,1.515620,2.143411,1.515620,2.143411,0.003055975,0.021060,3.417409,3.438468,0.573078,60.000000,60.083143,2,True
1750.000000,2600.792560,2600.792560,0.000000,6.829195,9.657940,6.829195,9.657940,0.003059790,0.428107,15.397332,15.825438,2.637573,60.000000,60.372132,6,True
1751.000000,3222.888210,3222.888210,-0.000000,8.462702,11.968068,8.462702,11.968068,0.003061163,0.657697,19.079809,19.737506,3.289584,60.000000,60.472316,5,True
1752.000000,3146.171317,3146.171317,-0.000000,8.261258,11.683183,8.261258,11.683183,0.003061246,0.626775,18.625609,19.252384,3.208731,60.000000,60.465030,1,True
1753.000000,3070.444257,3070.444257,-0.000000,8.062413,11.401973,8.062413,11.401973,0.003061076,0.596933,18.177355,18.774288,3.129048,60.000000,60.454078,2,True
1754.000000,2995.701443,2995.701443,0.000000,7.866152,11.124419,7.866152,11.124419,0.003060927,0.568197,17.734918,18.303115,3.050519,60.000000,60.442768,2,True
1755.000000,2921.937316,2921.937316,0.000000,7.672461,10.850499,7.672461,10.850499,0.003060777,0.540533,17.298273,17.838807,2.973134,60.000000,60.431552,2,True
1756.000000,2849.146239,2849.146239,0.000000,7.481325,10.580192,7.481325,10.580192,0.003060629,0.513912,16.867386,17.381298,2.896883,60.000000,60.420491,2,True
1757.000000,2104.850913,2104.850913,0.000000,5.526945,7.816281,5.526945,7.816281,0.003059198,0.280349,12.461371,12.741720,2.123620,60.000000,60.311852,5,True
1758.000000,2024.618042,2024.618042,0.000000,5.316269,7.518339,5.316269,7.518339,0.003059007,0.259368,11.986409,12.245777,2.040963,60.000000,60.296891,2,True
1759.000000,1958.808445,1958.808445,0.000000,5.143465,7.273958,5.143465,7.273958,0.003058839,0.242767,11.596831,11.839598,1.973266,60.000000,60.286592,2,True
1760.000000,1221.895845,1221.895845,0.000000,3.208470,4.537462,3.208470,4.537462,0.003057451,0.094423,7.234235,7.328658,1.221443,60.000000,60.180933,5,True
1761.000000,1150.221333,1150.221333,0.000000,3.020266,4.271301,3.020266,4.271301,0.003057273,0.083665,6.809909,6.893574,1.148929,60.000000,60.167481,2,True
1762.000000,1079.894937,1079.894937,0.000000,2.835602,4.010147,2.835602,4.010147,0.003057112,0.073743,6.393559,6.467302,1.077884,60.000000,60.156770,2,True
1763.000000,1010.907074,1010.907074,0.000000,2.654453,3.753963,2.654453,3.753963,0.003056973,0.064619,5.985129,6.049748,1.008291,60.000000,60.146616,2,True
1764.000000,302.798771,302.798771,0.000000,0.795093,1.124431,0.795093,1.124431,0.003055662,0.005795,1.792779,1.798575,0.299762,60.000000,60.047065,5,True
1765.000000,-1031.537545,-1031.537545,0.000000,2.708625,3.830574,2.708625,3.830574,0.003056815,0.067280,6.107290,6.174571,1.029095,60.000000,60.146065,5,True
1766.000000,-3395.599695,-3395.599695,0.000000,8.916210,12.609425,8.916210,12.609425,0.003061421,0.730138,20.102182,20.832320,3.472053,60.000000,60.490801,7,True
1767.000000,-6461.623625,-6461.623625,-0.000000,16.967016,23.994984,16.967016,23.994984,0.003067782,2.649455,38.248778,40.898233,6.816372,60.000000,60.969920,7,True
1768.000000,-10142.506651,-10142.506651,0.000000,26.632327,37.663798,26.632327,37.663798,0.003075960,6.545159,60.028281,66.573440,11.095573,60.000000,61.584934,7,True
1769.000000,-13938.011388,-13938.011388,0.000000,36.598613,51.758255,36.598613,51.758255,0.003085113,12.397144,82.478052,94.875196,15.812533,60.000000,62.265955,8,True
1770.000000,-16687.109005,-16687.109005,0.000000,43.817229,61.966920,43.817229,61.966920,0.003092142,17.810271,98.733071,116.543342,19.423890,60.000000,62.794727,7,True
1771.000000,-17422.345413,-17422.345413,0.000000,45.747823,64.697191,45.747823,64.697191,0.003094232,19.427417,103.079310,122.506726,20.417788,60.000000,62.952632,5,True
1772.000000,-16746.183769,-16746.183769,0.000000,43.972349,62.186292,43.972349,62.186292,0.003092847,17.940684,99.081319,117.022002,19.503667,60.000000,62.831513,5,True
1773.000000,-15447.891918,-15447.891918,0.000000,40.563277,57.365136,40.563277,57.365136,0.003089574,15.250563,91.405271,106.655833,17.775972,60.000000,62.586631,6,True
1774.000000,-13372.698582,-13372.698582,0.000000,35.114207,49.658988,35.114207,49.658988,0.003084421,11.409345,79.133824,90.543169,15.090528,60.000000,62.202803,7,True
1775.000000,-11204.296077,-11204.296077,0.000000,29.420387,41.606711,29.420387,41.606711,0.003079192,7.995669,66.308529,74.304198,12.384033,60.000000,61.811228,7,True
1776.000000,-10011.290124,-10011.290124,0.000000,26.287777,37.176530,26.287777,37.176530,0.003076319,6.377644,59.251288,65.628932,10.938155,60.000000,61.595391,6,True
1777.000000,-9883.879868,-9883.879868,0.000000,25.953221,36.703397,25.953221,36.703397,0.003075934,6.215567,58.497631,64.713198,10.785533,60.000000,61.565948,3,True
1778.000000,-10664.648455,-10664.648455,0.000000,28.003374,39.602751,28.003374,39.602751,0.003077461,7.239933,63.116829,70.356762,11.726127,60.000000,61.695866,5,True
1779.000000,-11904.453972,-11904.453972,0.000000,31.258871,44.206719,31.258871,44.206719,0.003080373,9.029655,70.450629,79.480284,13.246714,60.000000,61.912565,6,True
1780.000000,-12590.082217,-12590.082217,0.000000,33.059203,46.752773,33.059203,46.752773,0.003082051,10.105223,74.505884,84.611106,14.101851,60.000000,62.039368,5,True
1781.000000,-11987.201947,-11987.201947,0.000000,31.476152,44.514001,31.476152,44.514001,0.003080897,9.157179,70.939649,80.096828,13.349471,60.000000,61.938695,5,True
1782.000000,-10279.537948,-10279.537948,0.000000,26.992145,38.172658,26.992145,38.172658,0.003076996,6.725475,60.838141,67.563616,11.260603,60.000000,61.643646,6,True
1783.000000,-8131.453139,-8131.453139,0.000000,21.351676,30.195830,21.351676,30.195830,0.003072079,4.201628,48.129323,52.330951,8.721825,60.000000,61.278846,7,True
1784.000000,-6026.278470,-6026.278470,0.000000,15.823881,22.378347,15.823881,22.378347,0.003067444,2.304219,35.672028,37.976247,6.329375,60.000000,60.931664,7,True
1785.000000,-4654.947725,-4654.947725,0.000000,12.223023,17.285964,12.223023,17.285964,0.003064489,1.373525,27.556053,28.929578,4.821596,60.000000,60.708575,6,True
1786.000000,-3959.413640,-3959.413640,0.000000,10.396680,14.703126,10.396680,14.703126,0.003062982,0.993242,23.439326,24.432568,4.072095,60.000000,60.595495,5,True
1787.000000,-3566.723493,-3566.723493,0.000000,9.365549,13.244887,9.365549,13.244887,0.003062154,0.805777,21.114962,21.920739,3.653456,60.000000,60.532535,4,True
1788.000000,-3406.480927,-3406.480927,0.000000,8.944782,12.649832,8.944782,12.649832,0.003061787,0.734913,20.166464,20.901377,3.483563,60.000000,60.506347,3,True
1789.000000,-3506.438213,-3506.438213,0.000000,9.207251,13.021020,9.207251,13.021020,0.003061791,0.778676,20.758212,21.536888,3.589481,60.000000,60.520114,2,True
1790.000000,-3733.641255,-3733.641255,-0.000000,9.803844,13.864729,9.803844,13.864729,0.003062224,0.882980,22.103085,22.986065,3.831011,60.000000,60.554239,3,True
1791.000000,-3857.632579,-3857.632579,0.000000,10.129422,14.325166,10.129422,14.325166,0.003062469,0.942676,22.837008,23.779684,3.963281,60.000000,60.573842,2,True
1792.000000,-3599.036597,-3599.036597,0.000000,9.450397,13.364880,9.450397,13.364880,0.003062221,0.820461,21.306229,22.126690,3.687782,60.000000,60.535992,3,True
1793.000000,-2674.297414,-2674.297414,0.000000,7.022205,9.930898,7.022205,9.930898,0.003060378,0.452734,15.832327,16.285061,2.714177,60.000000,60.398597,5,True
1794.000000,-0.000000,-0.000000,0.000000,0.000000,0.000000,0.000000,0.000000,0.003055222,0.000000,0.000000,0.000000,0.000000,60.000000,60.014262,7,True
1795.000000,-0.000000,-0.000000,0.000000,0.000000,0.000000,0.000000,0.000000,0.003055060,0.000000,0.000000,0.000000,0.000000,60.000000,60.001954,2,True
1796.000000,0.000000,0.000000,0.000000,0.000000,0.000000,0.000000,0.000000,0.003054978,0.000000,0.000000,0.000000,0.000000,60.000000,60.000268,1,True
1797.000000,0.000000,0.000000,0.000000,0.000000,0.000000,0.000000,0.000000,0.003054955,0.000000,0.000000,0.000000,0.000000,60.000000,60.000037,1,True
1798.000000,0.000000,0.000000,0.000000,0.000000,0.000000,0.000000,0.000000,0.003054952,0.000000,0.000000,0.000000,0.000000,60.000000,60.000005,1,True
1799.000000,0.000000,0.000000,0.000000,0.000000,0.000000,0.000000,0.000000,0.003054952,0.000000,0.000000,0.000000,0.000000,60.000000,60.000001,1,True
1800.000000,0.000000,0.000000,0.000000,0.000000,0.000000,0.000000,0.000000,0.003054952,0.000000,0.000000,0.000000,0.000000,60.000000,60.000000,1,True
